Date,Price,Open,High,Low,Vol.,Change %
"Jan 01, 2019",270.63,270.27,272.08,269.88,423K,-3.4%
"Jan 02, 2019",273.56,273.48,275.03,272.23,96K,1.08%
"Jan 03, 2019",275.03,275.11,275.62,272.37,260K,0.54%
"Jan 04, 2019",276.99,276.6,279.52,274.44,350K,0.71%
"Jan 07, 2019",284.84,284.57,286.08,284.2,113K,2.79%
"Jan 08, 2019",285.79,285.91,287.57,283.02,190K,0.33%
"Jan 09, 2019",287.09,287.35,287.92,284.99,301K,0.45%
"Jan 10, 2019",281.0,281.15,282.21,279.62,197K,-2.15%
"Jan 11, 2019",288.66,288.9,291.21,286.32,99K,2.69%
"Jan 14, 2019",288.16,288.25,288.99,285.86,154K,-0.17%
"Jan 15, 2019",284.67,285.06,285.49,283.81,99K,-1.22%
"Jan 16, 2019",285.88,286.25,286.83,283.77,492K,0.42%
"Jan 17, 2019",295.44,295.79,297.27,292.59,156K,3.29%
"Jan 18, 2019",305.98,306.08,307.72,304.91,288K,3.51%
"Jan 21, 2019",301.54,302.14,302.32,301.12,242K,-1.46%
"Jan 22, 2019",307.54,306.98,309.77,306.77,306K,1.97%
"Jan 23, 2019",309.48,309.1,312.31,307.91,274K,0.63%
"Jan 24, 2019",314.69,315.08,315.57,312.75,377K,1.67%
"Jan 25, 2019",316.37,316.78,318.6,315.84,442K,0.53%
"Jan 28, 2019",319.79,320.19,321.79,318.79,178K,1.07%
"Jan 29, 2019",326.91,327.4,328.21,325.32,132K,2.2%
"Jan 30, 2019",318.18,318.08,320.26,317.51,492K,-2.71%
"Jan 31, 2019",320.3,320.86,321.23,318.84,439K,0.67%
"Feb 01, 2019",314.65,314.28,317.33,314.26,213K,-1.78%
"Feb 04, 2019",312.61,313.15,312.98,311.89,452K,-0.65%
"Feb 05, 2019",312.89,312.96,314.8,311.31,351K,0.09%
"Feb 06, 2019",308.16,307.75,309.36,307.64,246K,-1.52%
"Feb 07, 2019",305.59,305.87,308.32,303.47,443K,-0.84%
"Feb 08, 2019",299.08,298.84,300.73,297.98,353K,-2.15%
"Feb 11, 2019",296.52,296.19,298.96,294.02,421K,-0.86%
"Feb 12, 2019",299.23,298.84,302.02,298.65,237K,0.91%
"Feb 13, 2019",303.68,303.11,304.89,301.32,409K,1.47%
"Feb 14, 2019",300.23,300.55,302.91,299.79,215K,-1.14%
"Feb 15, 2019",306.95,306.94,309.27,303.93,380K,2.21%
"Feb 18, 2019",310.08,310.68,310.69,308.88,245K,1.01%
"Feb 19, 2019",317.56,317.48,318.18,314.81,232K,2.38%
"Feb 20, 2019",308.97,309.39,311.55,308.02,408K,-2.74%
"Feb 21, 2019",310.79,311.37,312.41,309.06,106K,0.59%
"Feb 22, 2019",314.13,313.53,315.84,313.56,467K,1.07%
"Feb 25, 2019",305.88,305.4,308.64,304.79,278K,-2.66%
"Feb 26, 2019",318.22,318.02,321.12,317.23,336K,3.95%
"Feb 27, 2019",315.27,315.74,315.91,312.46,232K,-0.93%
"Feb 28, 2019",318.32,318.75,319.71,315.41,340K,0.96%
"Mar 01, 2019",323.36,323.19,326.29,322.6,369K,1.57%
"Mar 04, 2019",324.18,323.79,326.89,321.6,440K,0.25%
"Mar 05, 2019",331.74,332.15,334.23,331.02,434K,2.31%
"Mar 06, 2019",342.81,342.95,343.47,339.83,211K,3.28%
"Mar 07, 2019",337.09,336.45,339.31,334.65,327K,-1.69%
"Mar 08, 2019",338.02,338.43,340.12,337.46,401K,0.28%
"Mar 11, 2019",343.31,343.94,344.17,342.48,394K,1.56%
"Mar 12, 2019",334.76,334.15,337.43,331.58,450K,-2.52%
"Mar 13, 2019",340.82,340.52,342.11,338.78,424K,1.79%
"Mar 14, 2019",350.57,351.01,352.87,349.93,373K,2.82%
"Mar 15, 2019",358.16,358.29,359.69,354.63,386K,2.14%
"Mar 18, 2019",361.01,361.72,361.65,357.75,413K,0.79%
"Mar 19, 2019",370.35,370.96,372.47,368.79,427K,2.55%
"Mar 20, 2019",372.81,372.33,374.21,369.43,208K,0.66%
"Mar 21, 2019",365.35,365.6,365.95,363.17,401K,-2.02%
"Mar 22, 2019",362.63,362.86,363.64,360.66,477K,-0.75%
"Mar 25, 2019",361.48,360.92,363.85,360.66,154K,-0.32%
"Mar 26, 2019",361.43,360.84,362.13,360.93,71K,-0.01%
"Mar 27, 2019",361.21,361.32,361.86,359.27,82K,-0.06%
"Mar 28, 2019",359.59,359.45,363.0,357.64,147K,-0.45%
"Mar 29, 2019",361.17,361.24,361.89,359.93,463K,0.44%
"Apr 01, 2019",370.31,369.92,371.93,367.24,107K,2.5%
"Apr 02, 2019",371.91,372.0,372.73,371.34,386K,0.43%
"Apr 03, 2019",376.01,375.83,379.56,372.25,440K,1.1%
"Apr 04, 2019",363.37,363.93,365.3,359.74,444K,-3.42%
"Apr 05, 2019",364.43,364.14,365.16,362.84,237K,0.29%
"Apr 08, 2019",371.15,371.7,374.09,368.58,272K,1.83%
"Apr 09, 2019",378.97,378.81,382.02,376.54,195K,2.08%
"Apr 10, 2019",386.33,386.45,389.85,383.24,116K,1.92%
"Apr 11, 2019",388.56,388.23,391.41,386.1,145K,0.58%
"Apr 12, 2019",391.49,391.98,392.08,390.49,110K,0.75%
"Apr 15, 2019",387.65,388.18,389.96,386.21,233K,-0.99%
"Apr 16, 2019",393.28,393.77,395.03,389.68,126K,1.44%
"Apr 17, 2019",389.45,389.67,392.47,385.76,231K,-0.98%
"Apr 18, 2019",394.07,393.77,396.56,391.93,433K,1.18%
"Apr 19, 2019",394.69,394.91,397.66,393.34,344K,0.16%
"Apr 22, 2019",395.14,395.87,396.18,393.55,348K,0.11%
"Apr 23, 2019",401.88,402.12,403.87,400.99,415K,1.69%
"Apr 24, 2019",405.87,406.61,407.86,402.3,68K,0.99%
"Apr 25, 2019",408.08,407.76,412.09,406.22,407K,0.54%
"Apr 26, 2019",405.21,405.77,405.68,403.95,138K,-0.71%
"Apr 29, 2019",416.1,416.47,419.58,415.46,205K,2.65%
"Apr 30, 2019",418.7,419.24,419.49,414.9,188K,0.62%
"May 01, 2019",424.12,424.48,424.85,420.8,97K,1.29%
"May 02, 2019",425.05,425.02,426.73,422.16,128K,0.22%
"May 03, 2019",420.74,421.05,423.82,418.58,480K,-1.02%
"May 06, 2019",423.52,424.25,426.53,420.84,320K,0.66%
"May 07, 2019",419.88,419.74,422.67,418.93,263K,-0.86%
"May 08, 2019",423.21,423.97,426.58,422.6,391K,0.79%
"May 09, 2019",402.03,401.3,403.27,398.26,416K,-5.13%
"May 10, 2019",399.82,399.04,402.5,398.34,99K,-0.55%
"May 13, 2019",400.09,400.08,402.78,396.5,383K,0.07%
"May 14, 2019",394.38,394.93,397.1,393.62,469K,-1.44%
"May 15, 2019",397.04,396.64,399.56,393.57,313K,0.67%
"May 16, 2019",394.72,395.02,395.9,394.29,326K,-0.59%
"May 17, 2019",395.04,395.11,398.68,392.61,441K,0.08%
"May 20, 2019",391.92,391.59,395.75,389.35,355K,-0.79%
"May 21, 2019",398.42,398.08,401.29,396.54,497K,1.65%
"May 22, 2019",402.28,401.59,404.29,399.68,177K,0.96%
"May 23, 2019",404.56,404.62,406.92,401.37,430K,0.57%
"May 24, 2019",405.33,405.25,406.13,403.57,325K,0.19%
"May 27, 2019",422.46,422.1,424.26,421.0,214K,4.14%
"May 28, 2019",421.78,422.57,425.9,421.15,447K,-0.16%
"May 29, 2019",417.47,418.01,419.95,414.84,498K,-1.03%
"May 30, 2019",410.08,410.12,412.56,408.58,76K,-1.79%
"May 31, 2019",416.44,416.47,420.43,415.4,466K,1.54%
"Jun 03, 2019",427.84,427.31,431.68,426.76,141K,2.7%
"Jun 04, 2019",422.45,422.7,425.03,418.36,142K,-1.27%
"Jun 05, 2019",420.91,421.67,422.35,418.05,68K,-0.37%
"Jun 06, 2019",418.87,419.54,419.73,414.73,464K,-0.49%
"Jun 07, 2019",418.42,417.72,422.09,416.34,391K,-0.11%
"Jun 10, 2019",407.11,406.39,410.89,406.21,74K,-2.74%
"Jun 11, 2019",412.77,413.53,415.02,411.67,335K,1.38%
"Jun 12, 2019",421.09,420.58,421.87,419.95,104K,1.99%
"Jun 13, 2019",408.82,408.9,411.46,406.02,388K,-2.96%
"Jun 14, 2019",420.86,420.14,422.67,416.83,234K,2.9%
"Jun 17, 2019",432.28,432.87,433.33,428.63,73K,2.68%
"Jun 18, 2019",411.93,411.3,415.75,410.3,423K,-4.82%
"Jun 19, 2019",398.21,398.44,399.47,394.71,307K,-3.39%
"Jun 20, 2019",397.72,397.02,400.67,394.2,397K,-0.12%
"Jun 21, 2019",406.55,406.0,408.53,403.78,353K,2.2%
"Jun 24, 2019",408.81,408.83,412.27,405.07,245K,0.55%
"Jun 25, 2019",409.32,408.57,412.31,406.44,364K,0.12%
"Jun 26, 2019",413.46,412.96,414.34,412.94,56K,1.01%
"Jun 27, 2019",408.52,407.93,410.58,404.51,202K,-1.2%
"Jun 28, 2019",417.33,416.56,418.72,416.28,400K,2.13%
"Jul 01, 2019",417.02,417.8,420.11,416.57,393K,-0.08%
"Jul 02, 2019",406.63,406.55,409.03,404.16,449K,-2.52%
"Jul 03, 2019",401.85,402.42,403.48,401.24,324K,-1.18%
"Jul 04, 2019",404.59,404.36,406.19,401.49,473K,0.68%
"Jul 05, 2019",403.08,402.34,403.9,402.61,300K,-0.37%
"Jul 08, 2019",400.91,401.23,402.09,400.01,275K,-0.54%
"Jul 09, 2019",402.58,401.84,405.57,401.76,138K,0.41%
"Jul 10, 2019",405.26,405.35,407.89,401.68,400K,0.66%
"Jul 11, 2019",397.72,397.14,399.39,396.86,361K,-1.88%
"Jul 12, 2019",405.95,406.22,409.41,405.33,257K,2.05%
"Jul 15, 2019",405.46,406.1,407.63,404.39,89K,-0.12%
"Jul 16, 2019",408.56,409.3,411.89,404.81,106K,0.76%
"Jul 17, 2019",409.56,409.61,412.85,405.78,101K,0.25%
"Jul 18, 2019",407.25,407.31,410.77,404.49,219K,-0.57%
"Jul 19, 2019",413.61,412.84,417.18,412.1,121K,1.55%
"Jul 22, 2019",414.52,414.97,417.47,410.42,437K,0.22%
"Jul 23, 2019",415.38,416.14,418.6,414.78,454K,0.21%
"Jul 24, 2019",399.52,399.42,402.72,397.42,435K,-3.89%
"Jul 25, 2019",405.16,405.64,406.19,402.42,323K,1.4%
"Jul 26, 2019",404.42,404.9,405.92,402.42,318K,-0.18%
"Jul 29, 2019",409.71,410.17,410.5,408.25,450K,1.3%
"Jul 30, 2019",421.01,421.45,422.15,417.84,232K,2.72%
"Jul 31, 2019",426.98,426.49,430.4,423.83,78K,1.41%
"Aug 01, 2019",427.73,428.16,431.81,425.26,261K,0.18%
"Aug 02, 2019",426.16,425.55,429.17,424.47,299K,-0.37%
"Aug 05, 2019",444.14,444.51,448.12,442.52,297K,4.13%
"Aug 06, 2019",447.99,447.1,449.72,444.81,121K,0.86%
"Aug 07, 2019",449.9,450.65,453.77,446.7,402K,0.43%
"Aug 08, 2019",448.99,449.57,450.8,446.46,379K,-0.2%
"Aug 09, 2019",442.99,443.31,447.0,440.72,153K,-1.34%
"Aug 12, 2019",429.76,429.07,433.28,427.98,298K,-3.03%
"Aug 13, 2019",440.75,441.32,445.09,438.79,405K,2.52%
"Aug 14, 2019",435.68,436.33,439.36,432.78,53K,-1.16%
"Aug 15, 2019",434.74,435.07,436.74,431.56,173K,-0.21%
"Aug 16, 2019",434.4,435.22,435.26,431.26,262K,-0.08%
"Aug 19, 2019",444.87,444.15,448.82,443.01,430K,2.38%
"Aug 20, 2019",439.85,440.22,442.55,437.16,409K,-1.14%
"Aug 21, 2019",442.06,442.1,445.92,438.17,117K,0.5%
"Aug 22, 2019",446.1,445.47,448.1,441.66,258K,0.91%
"Aug 23, 2019",436.72,437.0,437.27,432.47,187K,-2.13%
"Aug 26, 2019",426.89,427.41,427.52,425.96,230K,-2.28%
"Aug 27, 2019",422.42,421.85,425.39,419.93,293K,-1.05%
"Aug 28, 2019",424.45,424.95,425.31,422.72,274K,0.48%
"Aug 29, 2019",425.62,424.93,428.91,424.93,113K,0.28%
"Aug 30, 2019",425.2,425.35,427.23,421.43,104K,-0.1%
"Sep 02, 2019",430.05,430.56,432.65,427.48,108K,1.13%
"Sep 03, 2019",424.57,423.97,428.06,422.39,428K,-1.28%
"Sep 04, 2019",423.8,423.92,425.19,422.77,58K,-0.18%
"Sep 05, 2019",423.41,423.28,425.4,422.96,141K,-0.09%
"Sep 06, 2019",418.2,418.38,421.36,416.7,480K,-1.24%
"Sep 09, 2019",434.28,434.15,438.3,432.44,79K,3.77%
"Sep 10, 2019",419.9,419.48,421.42,419.18,66K,-3.37%
"Sep 11, 2019",428.71,428.28,431.54,427.65,224K,2.08%
"Sep 12, 2019",434.62,435.25,438.78,433.66,118K,1.37%
"Sep 13, 2019",440.67,440.07,443.69,436.28,304K,1.38%
"Sep 16, 2019",441.75,441.08,445.74,439.38,202K,0.24%
"Sep 17, 2019",451.68,450.95,455.95,450.35,144K,2.22%
"Sep 18, 2019",448.86,448.09,453.06,445.1,499K,-0.63%
"Sep 19, 2019",452.09,451.21,455.63,450.63,203K,0.72%
"Sep 20, 2019",453.03,452.41,455.73,448.53,338K,0.21%
"Sep 23, 2019",451.75,451.2,452.6,449.57,443K,-0.28%
"Sep 24, 2019",453.04,452.62,454.4,451.98,465K,0.28%
"Sep 25, 2019",446.62,445.95,448.09,443.89,234K,-1.43%
"Sep 26, 2019",442.3,441.58,442.87,440.82,489K,-0.97%
"Sep 27, 2019",454.03,454.11,454.9,451.66,376K,2.62%
"Sep 30, 2019",475.88,476.3,477.62,473.9,312K,4.7%
"Oct 01, 2019",480.29,480.54,481.16,477.72,361K,0.92%
"Oct 02, 2019",487.18,487.29,488.41,484.39,212K,1.42%
"Oct 03, 2019",489.59,489.47,490.31,488.4,240K,0.49%
"Oct 04, 2019",493.61,493.87,495.95,489.08,313K,0.82%
"Oct 07, 2019",498.37,499.17,502.55,496.01,197K,0.96%
"Oct 08, 2019",507.15,507.41,511.36,502.6,395K,1.75%
"Oct 09, 2019",520.24,519.33,525.0,517.68,162K,2.55%
"Oct 10, 2019",513.4,513.54,517.35,512.71,408K,-1.33%
"Oct 11, 2019",537.64,537.69,539.36,532.54,118K,4.61%
"Oct 14, 2019",539.32,539.21,543.27,535.97,147K,0.31%
"Oct 15, 2019",541.0,541.15,545.21,539.5,388K,0.31%
"Oct 16, 2019",537.92,538.29,541.09,534.33,168K,-0.57%
"Oct 17, 2019",534.9,533.91,539.32,532.05,407K,-0.56%
"Oct 18, 2019",540.68,540.64,541.57,535.83,402K,1.08%
"Oct 21, 2019",546.71,547.41,550.19,542.35,165K,1.11%
"Oct 22, 2019",552.18,552.25,555.12,550.07,82K,0.99%
"Oct 23, 2019",548.67,547.72,553.19,547.27,124K,-0.64%
"Oct 24, 2019",525.93,526.51,527.07,523.73,388K,-4.23%
"Oct 25, 2019",511.5,512.4,512.99,510.24,431K,-2.78%
"Oct 28, 2019",512.07,512.79,515.16,509.74,222K,0.11%
"Oct 29, 2019",515.29,515.01,520.2,513.9,123K,0.63%
"Oct 30, 2019",512.3,512.38,513.2,511.71,83K,-0.58%
"Oct 31, 2019",507.11,507.3,511.01,502.42,147K,-1.02%
"Nov 01, 2019",509.98,510.42,511.44,507.09,490K,0.56%
"Nov 04, 2019",509.56,509.9,510.56,505.34,126K,-0.08%
"Nov 05, 2019",506.15,505.54,508.45,503.21,88K,-0.67%
"Nov 06, 2019",493.68,494.36,496.76,490.96,403K,-2.49%
"Nov 07, 2019",487.5,488.18,491.61,485.35,326K,-1.26%
"Nov 08, 2019",495.27,495.08,498.59,492.28,290K,1.58%
"Nov 11, 2019",488.14,487.42,490.79,484.68,251K,-1.45%
"Nov 12, 2019",493.79,494.01,495.56,489.05,365K,1.15%
"Nov 13, 2019",505.32,505.04,507.16,500.43,364K,2.31%
"Nov 14, 2019",499.42,499.9,503.38,495.21,240K,-1.18%
"Nov 15, 2019",496.32,495.96,497.33,493.37,155K,-0.62%
"Nov 18, 2019",504.68,504.2,505.85,501.53,428K,1.67%
"Nov 19, 2019",515.2,515.96,519.05,510.93,124K,2.06%
"Nov 20, 2019",510.37,510.61,515.3,509.04,290K,-0.94%
"Nov 21, 2019",497.75,496.92,498.79,495.83,361K,-2.5%
"Nov 22, 2019",508.3,508.69,511.6,504.79,337K,2.1%
"Nov 25, 2019",513.53,514.05,515.15,512.08,328K,1.02%
"Nov 26, 2019",517.3,516.75,517.94,516.73,348K,0.73%
"Nov 27, 2019",525.41,526.39,529.87,521.31,444K,1.55%
"Nov 28, 2019",516.0,515.74,518.88,512.53,214K,-1.81%
"Nov 29, 2019",519.71,520.63,520.34,519.16,332K,0.72%
"Dec 02, 2019",517.81,517.38,522.5,513.27,363K,-0.37%
"Dec 03, 2019",523.3,523.53,526.34,518.43,315K,1.05%
"Dec 04, 2019",530.51,530.55,534.56,527.69,456K,1.37%
"Dec 05, 2019",539.35,540.41,541.94,536.23,344K,1.65%
"Dec 06, 2019",545.03,544.83,546.48,539.96,240K,1.05%
"Dec 09, 2019",547.71,547.01,550.55,543.66,430K,0.49%
"Dec 10, 2019",550.7,551.44,552.68,547.27,270K,0.54%
"Dec 11, 2019",554.44,553.43,556.48,553.0,288K,0.68%
"Dec 12, 2019",549.43,550.27,553.16,547.43,312K,-0.91%
"Dec 13, 2019",546.67,545.82,547.68,545.7,195K,-0.5%
"Dec 16, 2019",550.7,550.86,553.22,546.84,375K,0.73%
"Dec 17, 2019",556.96,557.43,560.26,552.94,94K,1.13%
"Dec 18, 2019",551.68,551.32,555.76,548.47,440K,-0.95%
"Dec 19, 2019",542.75,543.5,546.39,537.36,389K,-1.63%
"Dec 20, 2019",528.87,529.07,533.62,524.57,209K,-2.59%
"Dec 23, 2019",518.77,518.55,523.92,514.57,151K,-1.93%
"Dec 24, 2019",514.78,514.42,519.63,509.91,224K,-0.77%
"Dec 25, 2019",511.57,510.78,515.6,508.55,412K,-0.62%
"Dec 26, 2019",509.72,510.01,513.38,508.78,64K,-0.36%
"Dec 27, 2019",500.44,500.16,501.1,495.45,260K,-1.84%
"Dec 30, 2019",486.57,486.22,489.39,484.46,164K,-2.81%
"Dec 31, 2019",487.99,488.87,491.4,486.98,443K,0.29%
"Jan 01, 2020",489.43,488.98,491.74,485.01,236K,0.29%
"Jan 02, 2020",494.76,495.51,496.97,493.9,364K,1.08%
"Jan 03, 2020",501.71,502.66,504.66,500.39,211K,1.39%
"Jan 06, 2020",505.32,505.97,509.95,501.24,198K,0.72%
"Jan 07, 2020",506.71,505.73,508.4,505.77,196K,0.27%
"Jan 08, 2020",514.32,515.08,516.68,512.9,355K,1.49%
"Jan 09, 2020",526.65,526.04,530.27,521.91,483K,2.37%
"Jan 10, 2020",521.45,521.14,522.84,520.13,143K,-0.99%
"Jan 13, 2020",528.39,529.43,532.89,525.68,339K,1.32%
"Jan 14, 2020",523.61,523.41,527.27,522.22,169K,-0.91%
"Jan 15, 2020",525.92,526.24,528.11,523.58,297K,0.44%
"Jan 16, 2020",535.48,535.07,539.49,532.01,293K,1.8%
"Jan 17, 2020",533.62,533.34,535.49,531.17,252K,-0.35%
"Jan 20, 2020",526.02,526.23,530.22,523.78,274K,-1.43%
"Jan 21, 2020",522.64,523.58,523.5,521.02,446K,-0.64%
"Jan 22, 2020",515.2,514.75,517.69,513.9,89K,-1.43%
"Jan 23, 2020",506.87,506.36,508.57,504.83,423K,-1.63%
"Jan 24, 2020",517.22,516.24,521.54,516.65,258K,2.02%
"Jan 27, 2020",522.11,521.49,526.17,520.55,200K,0.94%
"Jan 28, 2020",516.6,516.11,521.03,515.67,129K,-1.06%
"Jan 29, 2020",508.99,508.1,512.48,505.36,416K,-1.49%
"Jan 30, 2020",502.04,502.17,506.13,498.45,316K,-1.37%
"Jan 31, 2020",496.74,496.0,499.2,493.39,377K,-1.06%
"Feb 03, 2020",506.44,506.46,510.04,503.38,191K,1.93%
"Feb 04, 2020",506.0,505.37,506.65,505.32,226K,-0.09%
"Feb 05, 2020",524.03,524.94,528.71,519.14,461K,3.5%
"Feb 06, 2020",524.17,523.76,527.92,521.28,482K,0.03%
"Feb 07, 2020",519.83,518.98,524.4,515.39,382K,-0.83%
"Feb 10, 2020",528.08,528.79,532.27,526.65,387K,1.57%
"Feb 11, 2020",514.62,514.42,516.46,509.62,362K,-2.58%
"Feb 12, 2020",516.64,517.3,518.42,513.59,314K,0.39%
"Feb 13, 2020",507.17,506.79,511.33,503.9,317K,-1.85%
"Feb 14, 2020",490.21,490.21,491.51,485.71,483K,-3.4%
"Feb 17, 2020",489.73,489.62,490.7,486.49,387K,-0.1%
"Feb 18, 2020",496.76,496.87,497.32,495.41,344K,1.43%
"Feb 19, 2020",498.91,498.71,500.75,494.54,135K,0.43%
"Feb 20, 2020",500.11,500.1,501.06,499.53,489K,0.24%
"Feb 21, 2020",480.17,480.52,484.12,475.62,284K,-4.07%
"Feb 24, 2020",479.42,479.25,481.99,475.87,474K,-0.16%
"Feb 25, 2020",478.73,479.09,480.3,477.28,371K,-0.14%
"Feb 26, 2020",483.95,484.37,487.06,480.67,68K,1.08%
"Feb 27, 2020",476.26,476.73,477.03,473.55,292K,-1.6%
"Feb 28, 2020",483.05,483.0,486.69,479.03,451K,1.42%
"Mar 02, 2020",476.82,475.88,479.45,475.13,73K,-1.3%
"Mar 03, 2020",471.47,471.94,471.96,467.51,440K,-1.13%
"Mar 04, 2020",474.19,474.97,476.03,473.07,326K,0.58%
"Mar 05, 2020",463.13,463.41,466.72,460.75,70K,-2.36%
"Mar 06, 2020",468.68,468.72,469.94,466.3,218K,1.19%
"Mar 09, 2020",455.68,455.79,460.08,454.95,63K,-2.81%
"Mar 10, 2020",458.74,459.0,462.9,457.34,50K,0.67%
"Mar 11, 2020",456.02,456.93,459.67,454.51,453K,-0.59%
"Mar 12, 2020",453.75,452.96,454.53,452.72,386K,-0.5%
"Mar 13, 2020",429.37,428.55,431.17,425.43,180K,-5.52%
"Mar 16, 2020",424.59,425.37,426.15,423.11,101K,-1.12%
"Mar 17, 2020",420.35,420.25,421.3,417.03,74K,-1.0%
"Mar 18, 2020",429.46,429.66,433.76,426.25,462K,2.14%
"Mar 19, 2020",428.1,428.53,429.09,423.88,331K,-0.32%
"Mar 20, 2020",422.34,422.75,423.96,421.52,122K,-1.35%
"Mar 23, 2020",426.49,426.75,430.3,425.07,356K,0.98%
"Mar 24, 2020",421.21,421.16,422.18,417.52,499K,-1.25%
"Mar 25, 2020",426.25,426.38,428.48,423.24,404K,1.19%
"Mar 26, 2020",426.42,426.81,430.59,423.99,250K,0.04%
"Mar 27, 2020",418.74,419.33,420.09,416.41,416K,-1.82%
"Mar 30, 2020",423.88,423.24,426.98,421.91,384K,1.22%
"Mar 31, 2020",426.52,426.14,427.25,424.07,89K,0.62%
"Apr 01, 2020",430.99,430.81,433.75,429.2,466K,1.04%
"Apr 02, 2020",427.73,428.01,429.46,426.85,447K,-0.76%
"Apr 03, 2020",431.05,430.87,434.19,428.28,315K,0.77%
"Apr 06, 2020",441.98,441.52,444.14,441.05,278K,2.5%
"Apr 07, 2020",440.9,440.08,442.53,437.36,152K,-0.24%
"Apr 08, 2020",436.83,437.43,439.42,432.94,425K,-0.93%
"Apr 09, 2020",446.03,445.89,447.04,442.54,244K,2.08%
"Apr 10, 2020",447.77,447.47,451.5,444.13,310K,0.39%
"Apr 13, 2020",444.01,444.07,447.46,443.51,126K,-0.84%
"Apr 14, 2020",453.8,453.11,456.48,450.82,146K,2.18%
"Apr 15, 2020",443.29,443.11,445.2,441.46,493K,-2.34%
"Apr 16, 2020",444.91,445.36,449.02,443.25,272K,0.37%
"Apr 17, 2020",450.8,451.22,453.82,448.1,417K,1.31%
"Apr 20, 2020",456.84,457.34,458.47,453.19,423K,1.33%
"Apr 21, 2020",449.29,449.24,453.01,446.57,491K,-1.67%
"Apr 22, 2020",437.59,437.36,440.52,435.08,492K,-2.64%
"Apr 23, 2020",436.77,437.35,437.7,436.15,255K,-0.19%
"Apr 24, 2020",439.76,439.18,440.65,437.61,477K,0.68%
"Apr 27, 2020",430.6,430.99,434.67,430.05,214K,-2.1%
"Apr 28, 2020",430.92,431.59,432.46,428.84,323K,0.07%
"Apr 29, 2020",418.45,418.09,421.37,414.81,419K,-2.94%
"Apr 30, 2020",425.11,424.6,425.68,422.33,461K,1.58%
"May 01, 2020",418.6,418.62,421.12,417.4,285K,-1.54%
"May 04, 2020",416.93,416.46,418.21,414.34,238K,-0.4%
"May 05, 2020",420.71,421.34,421.66,416.88,377K,0.9%
"May 06, 2020",424.62,424.18,428.0,420.74,255K,0.92%
"May 07, 2020",425.64,425.33,429.17,422.3,352K,0.24%
"May 08, 2020",432.02,432.69,435.23,429.89,411K,1.49%
"May 11, 2020",432.93,432.42,433.4,431.83,428K,0.21%
"May 12, 2020",440.32,441.0,441.89,438.03,164K,1.69%
"May 13, 2020",426.69,426.19,428.5,425.29,307K,-3.14%
"May 14, 2020",425.6,426.3,428.67,423.82,61K,-0.26%
"May 15, 2020",424.34,424.03,427.65,422.1,408K,-0.3%
"May 18, 2020",420.82,420.4,423.62,417.43,106K,-0.83%
"May 19, 2020",423.54,423.5,426.97,422.67,442K,0.64%
"May 20, 2020",424.35,424.12,426.4,421.16,233K,0.19%
"May 21, 2020",428.42,427.9,430.93,425.11,125K,0.95%
"May 22, 2020",419.39,419.12,420.05,416.17,408K,-2.13%
"May 25, 2020",434.04,434.41,436.15,430.08,140K,3.44%
"May 26, 2020",429.62,430.19,431.72,427.25,227K,-1.02%
"May 27, 2020",430.4,430.95,433.2,427.36,305K,0.18%
"May 28, 2020",427.94,428.38,429.83,425.67,212K,-0.57%
"May 29, 2020",426.71,425.86,428.05,424.18,130K,-0.29%
"Jun 01, 2020",423.45,423.33,424.78,421.2,232K,-0.77%
"Jun 02, 2020",425.23,424.67,426.17,422.12,114K,0.42%
"Jun 03, 2020",429.58,428.85,432.72,428.44,373K,1.02%
"Jun 04, 2020",413.76,414.15,416.49,411.61,127K,-3.75%
"Jun 05, 2020",411.96,412.45,414.52,408.62,267K,-0.44%
"Jun 08, 2020",409.92,410.44,412.29,409.15,302K,-0.5%
"Jun 09, 2020",425.81,426.48,427.65,421.98,475K,3.8%
"Jun 10, 2020",432.1,432.26,435.53,430.64,85K,1.47%
"Jun 11, 2020",443.0,443.88,447.12,441.27,468K,2.49%
"Jun 12, 2020",447.37,447.35,449.59,443.19,143K,0.98%
"Jun 15, 2020",448.37,449.06,450.47,447.52,428K,0.22%
"Jun 16, 2020",451.39,450.7,452.51,448.17,90K,0.67%
"Jun 17, 2020",459.99,459.35,463.23,458.46,494K,1.89%
"Jun 18, 2020",473.48,473.65,476.33,469.93,413K,2.89%
"Jun 19, 2020",476.2,475.49,480.91,473.69,78K,0.57%
"Jun 22, 2020",471.9,471.1,474.86,471.31,146K,-0.91%
"Jun 23, 2020",479.37,478.79,481.09,477.21,296K,1.57%
"Jun 24, 2020",473.29,473.84,476.17,469.82,285K,-1.28%
"Jun 25, 2020",476.69,477.5,481.39,473.89,333K,0.71%
"Jun 26, 2020",482.35,482.03,485.97,480.46,258K,1.18%
"Jun 29, 2020",481.95,482.86,482.99,479.06,380K,-0.08%
"Jun 30, 2020",475.45,476.04,477.39,474.59,206K,-1.36%
"Jul 01, 2020",472.43,471.91,474.17,471.39,129K,-0.64%
"Jul 02, 2020",470.47,470.63,474.56,466.38,65K,-0.42%
"Jul 03, 2020",463.02,463.91,466.03,461.66,196K,-1.6%
"Jul 06, 2020",460.58,461.22,464.4,459.88,242K,-0.53%
"Jul 07, 2020",450.41,450.16,451.57,447.19,346K,-2.23%
"Jul 08, 2020",455.1,454.75,459.27,451.52,412K,1.04%
"Jul 09, 2020",457.95,458.53,458.64,453.41,158K,0.62%
"Jul 10, 2020",460.31,460.4,462.32,456.19,271K,0.52%
"Jul 13, 2020",457.89,457.27,458.4,457.27,155K,-0.53%
"Jul 14, 2020",456.46,456.14,457.67,453.5,478K,-0.31%
"Jul 15, 2020",450.85,451.14,455.2,447.91,341K,-1.24%
"Jul 16, 2020",454.92,454.28,455.69,451.46,355K,0.9%
"Jul 17, 2020",445.54,445.89,446.57,441.74,289K,-2.08%
"Jul 20, 2020",446.54,446.91,450.7,444.12,176K,0.22%
"Jul 21, 2020",442.43,442.03,445.7,440.89,140K,-0.92%
"Jul 22, 2020",455.46,455.27,457.58,453.16,345K,2.9%
"Jul 23, 2020",459.73,460.53,460.47,455.28,464K,0.93%
"Jul 24, 2020",460.14,460.6,463.85,458.86,145K,0.09%
"Jul 27, 2020",452.47,453.0,454.93,451.74,307K,-1.68%
"Jul 28, 2020",443.11,443.14,444.84,440.43,288K,-2.09%
"Jul 29, 2020",447.04,446.53,448.94,444.04,338K,0.88%
"Jul 30, 2020",460.51,460.67,463.06,456.85,314K,2.97%
"Jul 31, 2020",463.95,464.45,466.71,460.57,172K,0.74%
"Aug 03, 2020",465.67,464.75,469.56,463.71,361K,0.37%
"Aug 04, 2020",467.51,466.78,471.22,466.07,172K,0.39%
"Aug 05, 2020",468.7,468.65,472.4,465.41,343K,0.25%
"Aug 06, 2020",470.65,470.53,474.21,467.38,184K,0.42%
"Aug 07, 2020",465.94,466.84,469.58,463.17,87K,-1.01%
"Aug 10, 2020",459.15,458.4,462.41,455.26,107K,-1.47%
"Aug 11, 2020",460.37,460.04,464.42,459.6,425K,0.26%
"Aug 12, 2020",471.92,472.52,474.76,470.2,104K,2.48%
"Aug 13, 2020",478.26,478.47,480.98,475.34,198K,1.33%
"Aug 14, 2020",469.33,469.45,472.77,465.16,179K,-1.88%
"Aug 17, 2020",467.84,468.29,469.01,466.74,76K,-0.32%
"Aug 18, 2020",473.76,472.89,477.54,471.08,319K,1.26%
"Aug 19, 2020",485.83,486.7,490.41,484.46,409K,2.52%
"Aug 20, 2020",500.41,499.79,502.24,495.56,496K,2.96%
"Aug 21, 2020",499.17,498.34,502.42,495.41,471K,-0.25%
"Aug 24, 2020",506.26,505.93,506.91,504.03,72K,1.41%
"Aug 25, 2020",508.74,509.15,512.75,505.88,165K,0.49%
"Aug 26, 2020",508.22,507.67,511.29,504.49,235K,-0.1%
"Aug 27, 2020",509.19,508.27,512.78,505.02,443K,0.19%
"Aug 28, 2020",510.25,509.35,511.42,506.54,212K,0.21%
"Aug 31, 2020",520.41,519.9,524.72,518.68,306K,1.97%
"Sep 01, 2020",509.3,508.56,510.98,505.05,346K,-2.16%
"Sep 02, 2020",513.59,513.33,517.27,511.2,184K,0.84%
"Sep 03, 2020",526.87,526.18,530.21,523.61,311K,2.55%
"Sep 04, 2020",539.57,539.23,543.28,537.88,72K,2.38%
"Sep 07, 2020",544.99,544.87,545.78,540.53,266K,1.0%
"Sep 08, 2020",538.91,539.44,543.05,534.84,220K,-1.12%
"Sep 09, 2020",546.15,545.55,550.6,542.64,210K,1.33%
"Sep 10, 2020",558.35,558.29,561.29,553.6,155K,2.21%
"Sep 11, 2020",554.26,554.96,556.86,551.02,417K,-0.73%
"Sep 14, 2020",557.95,559.03,560.23,554.46,446K,0.66%
"Sep 15, 2020",556.62,556.75,561.82,556.01,449K,-0.24%
"Sep 16, 2020",551.67,551.52,555.97,549.11,228K,-0.89%
"Sep 17, 2020",549.39,549.68,553.4,544.24,166K,-0.41%
"Sep 18, 2020",551.02,550.99,556.16,547.79,94K,0.3%
"Sep 21, 2020",543.47,542.74,545.72,542.33,352K,-1.38%
"Sep 22, 2020",534.62,534.54,538.19,533.45,198K,-1.64%
"Sep 23, 2020",527.54,528.55,531.33,526.83,174K,-1.33%
"Sep 24, 2020",530.8,531.09,536.09,529.76,217K,0.61%
"Sep 25, 2020",518.96,518.51,521.47,514.59,299K,-2.26%
"Sep 28, 2020",501.32,502.22,503.63,496.33,122K,-3.46%
"Sep 29, 2020",512.92,512.69,513.82,510.63,482K,2.29%
"Sep 30, 2020",505.12,504.9,506.08,503.26,379K,-1.53%
"Oct 01, 2020",504.01,504.25,506.84,499.57,71K,-0.22%
"Oct 02, 2020",511.96,512.1,513.26,507.61,188K,1.57%
"Oct 05, 2020",500.77,500.35,501.6,500.1,72K,-2.21%
"Oct 06, 2020",489.81,489.74,494.55,489.07,153K,-2.21%
"Oct 07, 2020",485.31,484.99,489.95,481.14,178K,-0.92%
"Oct 08, 2020",493.28,493.75,495.21,489.44,373K,1.63%
"Oct 09, 2020",493.55,492.8,497.55,492.58,373K,0.06%
"Oct 12, 2020",493.93,494.42,498.3,490.92,70K,0.08%
"Oct 13, 2020",492.04,491.38,494.59,490.66,314K,-0.38%
"Oct 14, 2020",496.94,496.55,498.43,493.74,482K,0.99%
"Oct 15, 2020",508.91,508.57,510.01,507.19,332K,2.38%
"Oct 16, 2020",534.28,535.33,535.49,530.84,482K,4.86%
"Oct 19, 2020",533.49,533.68,537.85,532.48,221K,-0.15%
"Oct 20, 2020",547.17,547.78,549.61,543.3,256K,2.53%
"Oct 21, 2020",556.49,556.61,560.52,553.55,272K,1.69%
"Oct 22, 2020",559.38,560.46,562.65,556.41,465K,0.52%
"Oct 23, 2020",540.43,539.73,542.89,538.18,221K,-3.45%
"Oct 26, 2020",537.65,537.88,538.79,533.76,492K,-0.51%
"Oct 27, 2020",535.23,535.87,537.38,532.98,294K,-0.45%
"Oct 28, 2020",538.8,539.08,543.41,534.1,148K,0.66%
"Oct 29, 2020",537.58,538.44,542.05,536.53,96K,-0.23%
"Oct 30, 2020",533.24,533.46,533.91,528.6,127K,-0.81%
"Nov 02, 2020",551.34,552.06,552.59,550.0,67K,3.34%
"Nov 03, 2020",563.51,562.78,567.91,561.39,361K,2.18%
"Nov 04, 2020",546.05,545.53,548.25,542.27,282K,-3.15%
"Nov 05, 2020",544.09,543.97,547.79,540.26,382K,-0.36%
"Nov 06, 2020",550.11,550.88,553.44,549.39,402K,1.1%
"Nov 09, 2020",562.45,562.29,566.32,557.82,469K,2.22%
"Nov 10, 2020",559.19,559.48,560.02,557.24,102K,-0.58%
"Nov 11, 2020",557.77,557.54,563.0,553.11,133K,-0.25%
"Nov 12, 2020",559.12,559.8,559.78,558.08,296K,0.24%
"Nov 13, 2020",565.58,564.9,566.19,563.7,108K,1.15%
"Nov 16, 2020",552.35,552.56,554.03,551.46,91K,-2.37%
"Nov 17, 2020",535.31,535.47,540.63,534.19,349K,-3.13%
"Nov 18, 2020",546.65,546.44,547.55,543.89,376K,2.1%
"Nov 19, 2020",538.54,538.99,543.32,533.9,429K,-1.49%
"Nov 20, 2020",557.65,556.6,559.01,553.18,462K,3.49%
"Nov 23, 2020",550.49,551.24,551.58,545.99,249K,-1.29%
"Nov 24, 2020",549.36,549.03,553.76,544.96,490K,-0.21%
"Nov 25, 2020",553.11,553.76,557.88,549.95,67K,0.68%
"Nov 26, 2020",535.04,534.62,539.39,533.87,441K,-3.32%
"Nov 27, 2020",560.64,559.94,562.41,555.15,194K,4.67%
"Nov 30, 2020",557.61,557.36,562.58,553.23,464K,-0.54%
"Dec 01, 2020",550.67,551.32,551.58,548.12,150K,-1.25%
"Dec 02, 2020",540.98,541.42,543.18,539.78,383K,-1.78%
"Dec 03, 2020",544.61,544.39,547.42,540.62,241K,0.67%
"Dec 04, 2020",547.64,548.6,548.52,544.05,221K,0.56%
"Dec 07, 2020",538.29,538.09,541.63,534.71,76K,-1.72%
"Dec 08, 2020",527.07,526.76,530.26,523.2,367K,-2.11%
"Dec 09, 2020",536.53,535.77,541.86,534.54,128K,1.78%
"Dec 10, 2020",531.41,530.5,534.91,529.23,258K,-0.96%
"Dec 11, 2020",517.44,517.13,519.81,516.2,113K,-2.66%
"Dec 14, 2020",516.68,515.84,520.88,515.78,322K,-0.15%
"Dec 15, 2020",513.84,513.76,515.9,512.86,153K,-0.55%
"Dec 16, 2020",530.6,531.36,533.67,527.87,317K,3.21%
"Dec 17, 2020",526.66,526.61,527.45,522.27,475K,-0.75%
"Dec 18, 2020",524.54,524.5,526.59,520.34,464K,-0.4%
"Dec 21, 2020",526.86,526.34,529.89,524.39,140K,0.44%
"Dec 22, 2020",522.54,521.84,526.36,521.63,94K,-0.82%
"Dec 23, 2020",526.71,526.13,527.71,523.96,69K,0.8%
"Dec 24, 2020",518.68,518.82,522.92,517.86,422K,-1.54%
"Dec 25, 2020",517.16,517.35,521.87,513.21,162K,-0.29%
"Dec 28, 2020",521.01,520.42,522.84,516.2,177K,0.74%
"Dec 29, 2020",531.05,530.84,535.24,529.55,151K,1.91%
"Dec 30, 2020",526.57,526.71,527.95,525.47,428K,-0.85%
"Dec 31, 2020",522.02,522.57,525.01,518.91,490K,-0.87%
"Jan 01, 2021",535.54,535.15,539.92,530.68,389K,2.56%
"Jan 04, 2021",531.31,530.82,533.69,526.2,420K,-0.79%
"Jan 05, 2021",531.31,531.79,531.96,526.29,329K,-0.0%
"Jan 06, 2021",546.56,546.59,549.76,543.25,287K,2.83%
"Jan 07, 2021",547.64,548.42,552.35,543.32,374K,0.2%
"Jan 08, 2021",545.97,545.33,547.04,542.78,66K,-0.31%
"Jan 11, 2021",544.95,545.54,545.64,541.89,77K,-0.19%
"Jan 12, 2021",539.01,538.28,543.48,535.84,359K,-1.09%
"Jan 13, 2021",543.4,543.59,545.25,541.0,200K,0.81%
"Jan 14, 2021",535.91,535.45,538.2,533.83,269K,-1.39%
"Jan 15, 2021",543.12,542.25,544.08,539.62,401K,1.34%
"Jan 18, 2021",543.74,543.99,544.75,539.95,309K,0.11%
"Jan 19, 2021",546.28,546.3,549.85,542.63,412K,0.47%
"Jan 20, 2021",562.12,562.08,565.47,556.85,238K,2.86%
"Jan 21, 2021",549.73,549.93,551.72,545.82,179K,-2.23%
"Jan 22, 2021",550.44,550.16,553.23,545.92,155K,0.13%
"Jan 25, 2021",556.59,556.97,559.09,552.48,109K,1.11%
"Jan 26, 2021",551.62,550.81,555.62,549.65,66K,-0.9%
"Jan 27, 2021",560.59,561.07,565.5,559.97,73K,1.61%
"Jan 28, 2021",556.22,556.4,560.61,555.28,171K,-0.78%
"Jan 29, 2021",559.33,559.3,559.91,557.87,175K,0.56%
"Feb 01, 2021",558.72,557.89,559.78,556.84,221K,-0.11%
"Feb 02, 2021",560.68,560.18,563.4,559.84,316K,0.35%
"Feb 03, 2021",561.85,561.39,566.72,560.03,391K,0.21%
"Feb 04, 2021",562.06,561.47,563.83,558.83,138K,0.04%
"Feb 05, 2021",558.33,559.34,563.3,555.76,391K,-0.67%
"Feb 08, 2021",552.92,553.84,554.02,548.91,112K,-0.97%
"Feb 09, 2021",556.22,556.32,557.14,550.67,494K,0.6%
"Feb 10, 2021",557.19,556.53,562.33,553.39,178K,0.17%
"Feb 11, 2021",551.55,552.46,552.91,548.04,426K,-1.02%
"Feb 12, 2021",555.09,555.64,557.96,553.2,135K,0.64%
"Feb 15, 2021",551.49,550.47,553.66,550.24,477K,-0.65%
"Feb 16, 2021",565.9,565.88,567.21,565.14,421K,2.58%
"Feb 17, 2021",589.42,589.67,593.36,585.39,211K,4.07%
"Feb 18, 2021",603.21,602.16,609.04,602.37,239K,2.31%
"Feb 19, 2021",616.77,615.66,621.04,615.04,51K,2.22%
"Feb 22, 2021",625.42,625.33,628.04,619.34,163K,1.39%
"Feb 23, 2021",623.89,622.64,628.51,620.99,180K,-0.25%
"Feb 24, 2021",605.76,604.66,607.15,601.69,253K,-2.95%
"Feb 25, 2021",596.44,595.64,600.15,590.66,112K,-1.55%
"Feb 26, 2021",590.55,591.52,593.64,587.47,265K,-0.99%
"Mar 01, 2021",602.61,603.26,605.17,599.76,350K,2.02%
"Mar 02, 2021",605.63,605.51,610.27,600.95,217K,0.5%
"Mar 03, 2021",599.82,599.77,601.06,598.89,154K,-0.97%
"Mar 04, 2021",582.89,583.32,586.27,580.26,296K,-2.86%
"Mar 05, 2021",605.46,605.4,610.72,600.37,63K,3.8%
"Mar 08, 2021",611.2,610.13,612.92,609.05,203K,0.94%
"Mar 09, 2021",620.71,621.3,622.81,617.29,287K,1.54%
"Mar 10, 2021",615.96,614.87,620.24,612.43,201K,-0.77%
"Mar 11, 2021",615.15,615.12,620.05,613.62,205K,-0.13%
"Mar 12, 2021",612.33,613.21,614.5,606.97,431K,-0.46%
"Mar 15, 2021",613.51,612.57,616.11,610.09,470K,0.19%
"Mar 16, 2021",632.47,632.99,637.31,630.59,422K,3.04%
"Mar 17, 2021",620.96,619.83,623.17,618.44,94K,-1.84%
"Mar 18, 2021",621.11,622.33,625.45,614.93,180K,0.02%
"Mar 19, 2021",625.27,625.72,626.78,623.44,370K,0.67%
"Mar 22, 2021",624.66,625.83,627.6,623.72,488K,-0.1%
"Mar 23, 2021",635.26,635.69,639.83,632.94,159K,1.68%
"Mar 24, 2021",618.42,617.78,621.59,617.11,454K,-2.69%
"Mar 25, 2021",637.91,639.0,638.66,633.61,382K,3.1%
"Mar 26, 2021",624.64,624.96,627.55,620.36,492K,-2.1%
"Mar 29, 2021",614.0,614.18,616.21,609.63,92K,-1.72%
"Mar 30, 2021",610.15,609.97,611.31,608.08,227K,-0.63%
"Mar 31, 2021",604.4,603.88,605.06,603.48,265K,-0.95%
"Apr 01, 2021",609.07,609.14,609.93,607.83,352K,0.77%
"Apr 02, 2021",612.64,612.31,618.48,607.34,344K,0.58%
"Apr 05, 2021",614.3,615.17,619.06,611.62,457K,0.27%
"Apr 06, 2021",601.06,599.93,606.75,600.44,427K,-2.18%
"Apr 07, 2021",600.26,600.34,601.48,595.86,74K,-0.13%
"Apr 08, 2021",600.99,601.8,604.68,598.42,268K,0.12%
"Apr 09, 2021",613.51,612.35,614.59,612.38,233K,2.06%
"Apr 12, 2021",616.03,615.49,616.79,614.86,498K,0.41%
"Apr 13, 2021",620.37,619.26,623.59,615.96,242K,0.7%
"Apr 14, 2021",640.74,640.98,645.1,634.87,357K,3.23%
"Apr 15, 2021",629.52,629.06,630.51,626.88,177K,-1.77%
"Apr 16, 2021",626.18,627.34,628.87,625.26,326K,-0.53%
"Apr 19, 2021",615.46,615.75,616.58,612.12,142K,-1.73%
"Apr 20, 2021",632.05,632.21,634.75,628.34,321K,2.66%
"Apr 21, 2021",649.81,650.89,653.21,648.36,440K,2.77%
"Apr 22, 2021",666.49,665.76,669.18,662.37,58K,2.54%
"Apr 23, 2021",672.96,673.13,677.12,670.36,277K,0.97%
"Apr 26, 2021",677.68,677.8,681.92,673.27,492K,0.7%
"Apr 27, 2021",673.34,672.21,676.03,668.89,121K,-0.64%
"Apr 28, 2021",682.29,683.47,685.37,676.62,132K,1.32%
"Apr 29, 2021",669.05,669.58,672.37,662.89,261K,-1.96%
"Apr 30, 2021",656.03,657.04,658.9,654.69,441K,-1.97%
"May 03, 2021",652.22,653.48,657.34,646.76,303K,-0.58%
"May 04, 2021",672.82,672.76,674.34,666.47,278K,3.11%
"May 05, 2021",667.91,668.72,673.73,664.73,89K,-0.73%
"May 06, 2021",664.48,664.69,667.13,661.1,482K,-0.52%
"May 07, 2021",668.15,669.42,673.17,664.88,206K,0.55%
"May 10, 2021",678.43,677.75,684.51,674.51,163K,1.53%
"May 11, 2021",692.78,691.44,699.01,686.74,235K,2.09%
"May 12, 2021",681.09,680.23,684.54,674.41,236K,-1.7%
"May 13, 2021",680.65,679.64,682.9,674.13,256K,-0.06%
"May 14, 2021",683.71,683.54,688.12,682.68,359K,0.45%
"May 17, 2021",687.89,686.73,689.72,684.31,440K,0.61%
"May 18, 2021",698.12,697.34,703.78,693.65,75K,1.48%
"May 19, 2021",707.97,706.83,713.22,703.51,270K,1.4%
"May 20, 2021",708.9,708.86,714.69,705.97,236K,0.13%
"May 21, 2021",722.74,722.07,726.28,717.97,54K,1.93%
"May 24, 2021",734.69,734.61,739.12,732.61,417K,1.64%
"May 25, 2021",745.88,744.66,747.32,740.17,96K,1.51%
"May 26, 2021",740.26,740.31,745.59,735.31,101K,-0.76%
"May 27, 2021",749.43,748.32,753.46,748.24,71K,1.23%
"May 28, 2021",764.69,763.47,768.96,758.84,140K,2.02%
"May 31, 2021",759.11,758.54,765.66,756.04,129K,-0.73%
"Jun 01, 2021",761.4,762.54,767.45,756.28,206K,0.3%
"Jun 02, 2021",781.4,782.3,785.95,776.9,346K,2.59%
"Jun 03, 2021",787.08,788.53,790.39,779.53,74K,0.72%
"Jun 04, 2021",786.69,786.56,790.63,780.0,437K,-0.05%
"Jun 07, 2021",806.03,805.42,809.38,798.7,196K,2.43%
"Jun 08, 2021",800.7,802.21,802.59,798.78,322K,-0.66%
"Jun 09, 2021",779.96,779.6,785.28,778.92,55K,-2.62%
"Jun 10, 2021",771.0,769.48,776.56,763.76,214K,-1.16%
"Jun 11, 2021",785.84,786.85,793.5,778.53,50K,1.91%
"Jun 14, 2021",793.13,792.08,797.18,789.14,124K,0.92%
"Jun 15, 2021",794.71,795.4,802.64,790.37,251K,0.2%
"Jun 16, 2021",809.05,807.48,811.22,805.69,290K,1.79%
"Jun 17, 2021",811.94,810.68,817.55,809.21,118K,0.36%
"Jun 18, 2021",809.79,809.73,817.85,807.5,385K,-0.27%
"Jun 21, 2021",821.42,820.0,826.97,814.31,135K,1.43%
"Jun 22, 2021",817.15,818.42,821.29,809.25,102K,-0.52%
"Jun 23, 2021",824.32,825.15,828.97,822.68,200K,0.87%
"Jun 24, 2021",814.64,814.08,821.65,809.94,298K,-1.18%
"Jun 25, 2021",801.73,802.04,809.31,800.72,495K,-1.6%
"Jun 28, 2021",791.42,792.1,795.44,787.3,238K,-1.3%
"Jun 29, 2021",791.8,792.61,798.09,787.51,241K,0.05%
"Jun 30, 2021",784.34,784.01,791.71,780.89,76K,-0.95%
"Jul 01, 2021",777.3,778.54,780.05,770.71,394K,-0.9%
"Jul 02, 2021",776.09,777.46,780.31,770.1,131K,-0.16%
"Jul 05, 2021",775.89,774.95,783.62,774.46,385K,-0.03%
"Jul 06, 2021",757.55,758.8,760.72,751.42,459K,-2.39%
"Jul 07, 2021",728.24,728.86,733.03,722.49,395K,-3.95%
"Jul 08, 2021",733.58,734.72,738.65,729.61,339K,0.73%
"Jul 09, 2021",735.88,735.65,737.63,732.76,321K,0.31%
"Jul 12, 2021",720.57,721.03,726.52,713.37,254K,-2.1%
"Jul 13, 2021",726.27,725.5,729.69,721.99,115K,0.79%
"Jul 14, 2021",731.99,732.73,736.02,727.3,400K,0.79%
"Jul 15, 2021",729.12,729.36,734.06,727.51,264K,-0.39%
"Jul 16, 2021",753.01,752.96,756.55,751.17,331K,3.22%
"Jul 19, 2021",769.15,769.75,772.17,767.73,218K,2.12%
"Jul 20, 2021",764.95,765.11,769.47,763.09,140K,-0.55%
"Jul 21, 2021",760.99,761.8,764.13,758.77,412K,-0.52%
"Jul 22, 2021",744.11,745.18,747.76,742.42,204K,-2.24%
"Jul 23, 2021",759.52,760.43,761.02,753.12,440K,2.05%
"Jul 26, 2021",763.21,762.63,769.78,757.92,484K,0.48%
"Jul 27, 2021",774.03,775.5,777.67,771.05,423K,1.41%
"Jul 28, 2021",748.72,749.17,750.03,747.45,107K,-3.32%
"Jul 29, 2021",758.77,758.24,764.93,755.74,434K,1.33%
"Jul 30, 2021",753.29,751.91,754.18,747.17,283K,-0.73%
"Aug 02, 2021",761.05,762.54,765.92,759.91,158K,1.02%
"Aug 03, 2021",768.11,768.42,773.74,765.69,91K,0.92%
"Aug 04, 2021",768.55,767.71,770.64,765.82,175K,0.06%
"Aug 05, 2021",760.71,760.68,762.37,758.32,111K,-1.03%
"Aug 06, 2021",766.27,765.95,767.82,763.15,61K,0.73%
"Aug 09, 2021",756.77,758.14,764.29,749.35,494K,-1.25%
"Aug 10, 2021",770.29,770.27,776.29,764.35,424K,1.77%
"Aug 11, 2021",762.13,762.09,765.04,761.07,382K,-1.06%
"Aug 12, 2021",763.1,764.0,766.16,757.45,136K,0.13%
"Aug 13, 2021",754.72,754.39,759.88,752.42,62K,-1.1%
"Aug 16, 2021",757.32,756.41,761.2,752.64,268K,0.34%
"Aug 17, 2021",745.6,746.4,748.16,744.23,383K,-1.56%
"Aug 18, 2021",736.67,737.88,737.78,733.0,483K,-1.2%
"Aug 19, 2021",764.9,763.51,771.06,761.6,429K,3.76%
"Aug 20, 2021",776.0,777.12,782.98,769.92,452K,1.44%
"Aug 23, 2021",781.31,781.11,783.54,773.9,157K,0.68%
"Aug 24, 2021",788.47,787.8,789.71,785.95,119K,0.91%
"Aug 25, 2021",793.05,791.59,794.69,785.6,161K,0.58%
"Aug 26, 2021",792.63,791.7,796.38,789.86,112K,-0.05%
"Aug 27, 2021",803.01,802.48,805.98,799.0,409K,1.3%
"Aug 30, 2021",793.17,791.81,794.49,791.09,456K,-1.23%
"Aug 31, 2021",814.41,813.4,818.56,807.78,188K,2.64%
"Sep 01, 2021",816.72,817.49,819.03,812.53,444K,0.28%
"Sep 02, 2021",828.0,828.62,829.33,824.3,74K,1.37%
"Sep 03, 2021",849.88,850.8,855.76,841.95,354K,2.61%
"Sep 06, 2021",857.36,856.21,862.63,854.48,287K,0.88%
"Sep 07, 2021",847.07,845.52,854.22,841.57,174K,-1.21%
"Sep 08, 2021",864.54,864.43,867.76,856.9,395K,2.04%
"Sep 09, 2021",889.12,888.56,891.1,883.33,145K,2.8%
"Sep 10, 2021",862.64,863.59,866.29,854.77,237K,-3.02%
"Sep 13, 2021",862.01,862.14,868.91,860.27,369K,-0.07%
"Sep 14, 2021",866.81,868.31,869.57,861.71,202K,0.56%
"Sep 15, 2021",863.94,862.42,866.78,856.37,434K,-0.33%
"Sep 16, 2021",847.65,847.19,849.62,841.09,439K,-1.9%
"Sep 17, 2021",836.51,836.19,844.77,833.6,141K,-1.32%
"Sep 20, 2021",812.85,811.64,820.74,810.48,248K,-2.87%
"Sep 21, 2021",826.11,826.39,831.83,818.16,244K,1.62%
"Sep 22, 2021",845.23,843.68,847.71,837.23,234K,2.29%
"Sep 23, 2021",864.6,865.33,871.43,863.09,275K,2.27%
"Sep 24, 2021",864.97,863.37,870.38,858.89,83K,0.04%
"Sep 27, 2021",869.52,870.82,876.25,862.34,441K,0.53%
"Sep 28, 2021",885.33,883.79,893.07,877.46,180K,1.8%
"Sep 29, 2021",882.83,882.68,886.24,877.78,50K,-0.28%
"Sep 30, 2021",870.31,869.11,878.33,867.64,358K,-1.43%
"Oct 01, 2021",863.17,861.9,871.02,858.59,342K,-0.82%
"Oct 04, 2021",866.38,867.15,871.51,857.88,492K,0.37%
"Oct 05, 2021",857.31,858.25,863.45,852.47,373K,-1.05%
"Oct 06, 2021",864.61,865.44,868.67,858.39,199K,0.85%
"Oct 07, 2021",846.83,846.5,852.67,843.56,478K,-2.08%
"Oct 08, 2021",844.3,845.96,849.32,839.84,214K,-0.3%
"Oct 11, 2021",850.57,850.02,853.89,849.45,419K,0.74%
"Oct 12, 2021",853.14,852.27,856.47,849.2,201K,0.3%
"Oct 13, 2021",843.92,845.6,849.72,840.29,71K,-1.09%
"Oct 14, 2021",854.67,856.31,862.89,850.13,380K,1.27%
"Oct 15, 2021",859.04,859.36,861.46,852.86,207K,0.51%
"Oct 18, 2021",831.55,830.59,835.32,827.96,202K,-3.25%
"Oct 19, 2021",838.39,837.51,845.31,832.52,372K,0.82%
"Oct 20, 2021",833.49,833.56,835.25,830.54,194K,-0.59%
"Oct 21, 2021",827.27,828.18,835.5,820.76,103K,-0.75%
"Oct 22, 2021",817.09,815.71,822.89,811.62,232K,-1.24%
"Oct 25, 2021",804.8,805.41,812.21,800.98,420K,-1.51%
"Oct 26, 2021",808.2,806.91,815.1,804.69,108K,0.42%
"Oct 27, 2021",816.02,817.15,822.55,812.77,299K,0.96%
"Oct 28, 2021",818.76,818.87,819.82,815.73,109K,0.34%
"Oct 29, 2021",832.04,833.67,835.92,826.11,72K,1.61%
"Nov 01, 2021",840.57,841.43,842.94,838.92,220K,1.02%
"Nov 02, 2021",814.74,814.74,821.95,806.82,346K,-3.12%
"Nov 03, 2021",803.61,802.45,809.33,796.93,173K,-1.38%
"Nov 04, 2021",819.77,819.91,821.38,812.09,250K,1.99%
"Nov 05, 2021",804.01,802.77,807.42,800.83,271K,-1.94%
"Nov 08, 2021",770.28,771.53,771.53,764.47,428K,-4.29%
"Nov 09, 2021",793.9,793.04,799.98,787.38,418K,3.02%
"Nov 10, 2021",798.39,799.56,802.2,793.86,51K,0.56%
"Nov 11, 2021",790.43,789.81,792.89,786.93,236K,-1.0%
"Nov 12, 2021",780.47,779.6,784.89,777.02,345K,-1.27%
"Nov 15, 2021",789.08,788.46,790.17,785.15,433K,1.1%
"Nov 16, 2021",795.86,796.52,798.49,795.0,72K,0.85%
"Nov 17, 2021",800.75,800.83,802.82,798.95,332K,0.61%
"Nov 18, 2021",799.06,797.8,806.55,792.79,428K,-0.21%
"Nov 19, 2021",783.56,782.42,787.0,781.07,164K,-1.96%
"Nov 22, 2021",783.81,783.43,788.72,779.99,142K,0.03%
"Nov 23, 2021",798.0,797.49,802.41,790.53,260K,1.79%
"Nov 24, 2021",791.82,792.94,797.31,784.26,483K,-0.78%
"Nov 25, 2021",800.2,800.43,803.01,797.95,361K,1.05%
"Nov 26, 2021",795.75,794.75,797.41,791.69,241K,-0.56%
"Nov 29, 2021",806.74,805.22,808.14,802.82,59K,1.37%
"Nov 30, 2021",794.91,793.64,797.08,789.36,300K,-1.48%
"Dec 01, 2021",795.8,796.43,800.05,794.5,206K,0.11%
"Dec 02, 2021",802.35,803.46,804.86,799.48,133K,0.82%
"Dec 03, 2021",794.44,795.34,798.34,793.13,275K,-0.99%
"Dec 06, 2021",799.78,800.71,800.79,792.5,203K,0.67%
"Dec 07, 2021",800.12,799.36,805.44,796.33,67K,0.04%
"Dec 08, 2021",800.28,801.85,807.41,796.87,376K,0.02%
"Dec 09, 2021",792.36,791.05,793.49,785.34,379K,-0.99%
"Dec 10, 2021",805.83,806.87,808.22,800.28,328K,1.69%
"Dec 13, 2021",794.45,793.17,797.52,788.04,428K,-1.42%
"Dec 14, 2021",798.73,797.99,801.6,797.82,141K,0.54%
"Dec 15, 2021",788.67,788.65,789.74,784.64,178K,-1.27%
"Dec 16, 2021",788.54,787.13,790.08,782.89,256K,-0.02%
"Dec 17, 2021",797.41,797.07,804.76,794.2,77K,1.12%
"Dec 20, 2021",794.45,793.97,800.33,791.22,447K,-0.37%
"Dec 21, 2021",756.97,757.42,764.26,751.77,270K,-4.83%
"Dec 22, 2021",741.53,742.17,745.21,740.75,196K,-2.06%
"Dec 23, 2021",717.01,715.83,723.4,715.06,265K,-3.36%
"Dec 24, 2021",718.43,717.1,724.43,713.84,196K,0.2%
"Dec 27, 2021",719.02,719.81,725.4,716.1,178K,0.08%
"Dec 28, 2021",715.64,715.72,716.61,713.06,251K,-0.47%
"Dec 29, 2021",709.14,709.24,714.02,703.16,266K,-0.91%
"Dec 30, 2021",712.3,713.67,716.64,710.8,245K,0.44%
"Dec 31, 2021",696.62,696.45,700.73,694.83,296K,-2.23%
"Jan 03, 2022",706.67,705.81,710.58,704.41,402K,1.43%
"Jan 04, 2022",707.28,707.79,713.05,701.62,75K,0.09%
"Jan 05, 2022",695.17,696.05,701.92,689.07,415K,-1.73%
"Jan 06, 2022",689.25,689.26,695.08,683.48,152K,-0.86%
"Jan 07, 2022",687.3,687.83,693.37,681.0,163K,-0.28%
"Jan 10, 2022",671.04,671.08,674.63,670.01,319K,-2.39%
"Jan 11, 2022",676.27,676.02,681.15,674.69,489K,0.78%
"Jan 12, 2022",684.77,683.49,688.01,678.48,57K,1.25%
"Jan 13, 2022",684.89,684.0,687.8,682.22,352K,0.02%
"Jan 14, 2022",695.0,694.95,701.3,689.59,363K,1.47%
"Jan 17, 2022",724.03,723.74,730.66,716.91,308K,4.09%
"Jan 18, 2022",702.47,703.43,707.49,697.29,54K,-3.02%
"Jan 19, 2022",702.11,701.01,708.11,697.87,322K,-0.05%
"Jan 20, 2022",685.24,684.01,688.15,678.51,101K,-2.43%
"Jan 21, 2022",701.51,700.35,704.95,696.54,85K,2.35%
"Jan 24, 2022",703.05,703.55,708.95,700.45,363K,0.22%
"Jan 25, 2022",694.84,695.11,698.03,689.32,365K,-1.17%
"Jan 26, 2022",691.85,692.22,692.79,687.95,450K,-0.43%
"Jan 27, 2022",704.63,703.66,707.58,703.21,51K,1.83%
"Jan 28, 2022",708.96,709.0,712.21,702.05,220K,0.61%
"Jan 31, 2022",714.88,715.65,716.59,712.79,55K,0.83%
"Feb 01, 2022",730.78,731.32,733.78,726.0,214K,2.2%
"Feb 02, 2022",740.3,740.11,747.26,736.5,271K,1.29%
"Feb 03, 2022",753.09,751.89,759.66,747.12,288K,1.71%
"Feb 04, 2022",750.31,751.42,754.07,746.72,210K,-0.37%
"Feb 07, 2022",722.94,723.02,728.28,720.46,376K,-3.72%
"Feb 08, 2022",723.02,724.15,724.73,717.1,237K,0.01%
"Feb 09, 2022",714.96,714.78,720.52,710.02,282K,-1.12%
"Feb 10, 2022",722.86,722.1,726.68,719.32,410K,1.1%
"Feb 11, 2022",702.5,701.96,707.77,698.11,128K,-2.86%
"Feb 14, 2022",710.01,709.78,714.83,704.78,194K,1.06%
"Feb 15, 2022",710.74,711.07,712.94,706.52,284K,0.1%
"Feb 16, 2022",712.69,713.46,718.76,707.43,395K,0.27%
"Feb 17, 2022",718.41,717.68,722.83,713.18,241K,0.8%
"Feb 18, 2022",717.62,716.73,723.41,714.39,82K,-0.11%
"Feb 21, 2022",712.7,711.86,714.02,708.64,494K,-0.69%
"Feb 22, 2022",724.25,725.5,728.98,721.42,368K,1.61%
"Feb 23, 2022",730.26,729.28,732.91,728.46,375K,0.83%
"Feb 24, 2022",737.05,736.6,743.5,735.94,259K,0.93%
"Feb 25, 2022",735.65,735.61,742.67,729.3,296K,-0.19%
"Feb 28, 2022",735.15,735.32,736.25,731.94,497K,-0.07%
"Mar 01, 2022",732.92,733.97,738.43,729.43,317K,-0.3%
"Mar 02, 2022",712.0,710.9,713.38,710.44,148K,-2.9%
"Mar 03, 2022",694.72,693.63,700.77,693.37,483K,-2.46%
"Mar 04, 2022",693.09,692.58,694.56,690.9,291K,-0.23%
"Mar 07, 2022",672.01,671.78,673.87,668.9,59K,-3.09%
"Mar 08, 2022",669.84,669.5,672.02,664.34,308K,-0.32%
"Mar 09, 2022",659.49,659.2,664.47,654.54,81K,-1.56%
"Mar 10, 2022",657.4,658.32,659.79,654.39,287K,-0.32%
"Mar 11, 2022",658.01,658.9,662.2,652.26,421K,0.09%
"Mar 14, 2022",638.5,639.28,642.43,633.18,292K,-3.01%
"Mar 15, 2022",641.52,642.17,644.48,640.36,218K,0.47%
"Mar 16, 2022",636.76,635.59,640.48,635.87,447K,-0.74%
"Mar 17, 2022",611.71,610.86,612.98,605.62,467K,-4.01%
"Mar 18, 2022",605.98,606.55,611.37,604.63,206K,-0.94%
"Mar 21, 2022",608.05,608.28,609.79,607.11,274K,0.34%
"Mar 22, 2022",603.08,603.5,608.46,599.9,492K,-0.82%
"Mar 23, 2022",598.18,598.7,601.58,594.62,130K,-0.81%
"Mar 24, 2022",598.47,599.46,602.38,597.44,184K,0.05%
"Mar 25, 2022",592.94,593.26,594.91,587.05,242K,-0.93%
"Mar 28, 2022",589.63,589.1,591.4,588.2,95K,-0.56%
"Mar 29, 2022",576.55,575.59,579.67,572.32,172K,-2.24%
"Mar 30, 2022",570.62,570.46,572.56,568.2,295K,-1.03%
"Mar 31, 2022",586.93,587.42,589.75,582.77,152K,2.82%
"Apr 01, 2022",588.28,587.77,591.2,585.17,358K,0.23%
"Apr 04, 2022",589.32,588.42,591.34,587.71,206K,0.18%
"Apr 05, 2022",582.12,583.28,584.23,577.25,90K,-1.23%
"Apr 06, 2022",577.47,577.28,583.1,575.14,394K,-0.8%
"Apr 07, 2022",574.01,573.36,577.62,572.91,305K,-0.6%
"Apr 08, 2022",581.77,580.99,586.71,580.67,421K,1.34%
"Apr 11, 2022",591.34,592.2,592.18,590.19,212K,1.63%
"Apr 12, 2022",586.53,587.28,587.12,583.4,58K,-0.82%
"Apr 13, 2022",585.79,586.05,589.11,583.98,71K,-0.13%
"Apr 14, 2022",582.1,582.21,587.02,578.62,407K,-0.63%
"Apr 15, 2022",588.6,589.66,592.42,585.15,234K,1.11%
"Apr 18, 2022",591.49,590.85,595.38,587.09,489K,0.49%
"Apr 19, 2022",590.0,589.8,591.33,585.62,423K,-0.25%
"Apr 20, 2022",598.56,597.42,604.43,592.78,57K,1.44%
"Apr 21, 2022",603.07,602.87,606.54,599.92,441K,0.75%
"Apr 22, 2022",594.31,594.03,595.45,590.01,145K,-1.46%
"Apr 25, 2022",594.03,595.09,596.83,589.09,268K,-0.05%
"Apr 26, 2022",590.7,590.36,591.67,585.44,277K,-0.56%
"Apr 27, 2022",580.73,581.5,583.49,576.73,76K,-1.7%
"Apr 28, 2022",577.76,578.38,582.04,576.66,106K,-0.51%
"Apr 29, 2022",588.29,587.46,590.59,585.14,240K,1.81%
"May 02, 2022",596.87,597.98,599.15,593.9,339K,1.45%
"May 03, 2022",604.12,604.44,607.52,598.38,168K,1.21%
"May 04, 2022",610.82,611.06,614.17,607.57,286K,1.1%
"May 05, 2022",611.11,609.91,614.29,608.67,220K,0.05%
"May 06, 2022",603.51,603.99,606.92,598.29,333K,-1.25%
"May 09, 2022",607.94,606.86,608.81,607.24,240K,0.73%
"May 10, 2022",591.66,590.92,594.78,590.62,433K,-2.71%
"May 11, 2022",584.42,583.48,590.22,583.8,492K,-1.23%
"May 12, 2022",594.2,593.91,598.89,590.19,460K,1.66%
"May 13, 2022",588.69,589.39,590.81,587.16,125K,-0.93%
"May 16, 2022",593.07,593.56,597.28,588.89,255K,0.74%
"May 17, 2022",589.08,588.15,591.42,587.16,256K,-0.68%
"May 18, 2022",592.73,593.44,594.35,591.86,428K,0.62%
"May 19, 2022",576.63,576.54,581.22,571.67,210K,-2.75%
"May 20, 2022",587.0,585.91,588.7,581.87,297K,1.78%
"May 23, 2022",575.65,575.01,580.67,570.43,324K,-1.95%
"May 24, 2022",562.23,562.87,564.72,560.65,100K,-2.36%
"May 25, 2022",571.83,572.36,576.3,569.54,301K,1.69%
"May 26, 2022",571.67,570.96,573.58,568.64,161K,-0.03%
"May 27, 2022",567.56,566.52,571.47,565.84,142K,-0.72%
"May 30, 2022",581.0,580.52,582.69,579.63,162K,2.34%
"May 31, 2022",587.08,587.77,587.78,586.22,94K,1.04%
"Jun 01, 2022",581.47,582.49,586.32,576.71,81K,-0.96%
"Jun 02, 2022",579.7,579.87,584.75,576.21,341K,-0.3%
"Jun 03, 2022",588.11,587.15,593.36,587.11,473K,1.44%
"Jun 06, 2022",577.86,577.86,578.62,574.48,359K,-1.76%
"Jun 07, 2022",590.22,591.4,594.85,586.91,190K,2.12%
"Jun 08, 2022",585.07,586.1,590.06,584.18,200K,-0.88%
"Jun 09, 2022",576.54,577.68,578.74,574.59,293K,-1.47%
"Jun 10, 2022",585.51,585.98,588.58,582.57,439K,1.54%
"Jun 13, 2022",591.09,590.91,593.85,587.08,141K,0.95%
"Jun 14, 2022",574.45,575.35,577.3,573.43,260K,-2.86%
"Jun 15, 2022",572.78,573.68,577.71,567.1,274K,-0.29%
"Jun 16, 2022",561.28,560.48,563.95,557.29,469K,-2.03%
"Jun 17, 2022",567.36,567.98,569.47,566.52,291K,1.08%
"Jun 20, 2022",582.05,583.03,583.32,578.84,401K,2.56%
"Jun 21, 2022",586.62,587.56,590.77,584.05,89K,0.78%
"Jun 22, 2022",578.38,578.86,579.39,575.37,197K,-1.42%
"Jun 23, 2022",585.23,585.32,586.14,581.47,325K,1.18%
"Jun 24, 2022",584.0,584.64,588.16,581.65,354K,-0.21%
"Jun 27, 2022",582.93,582.97,587.16,581.12,448K,-0.18%
"Jun 28, 2022",578.23,577.82,579.85,574.35,315K,-0.81%
"Jun 29, 2022",578.26,577.71,583.82,575.56,180K,0.01%
"Jun 30, 2022",576.37,576.46,581.03,571.03,292K,-0.33%
"Jul 01, 2022",555.12,555.02,559.1,552.3,370K,-3.76%
"Jul 04, 2022",555.85,555.9,560.18,554.03,402K,0.13%
"Jul 05, 2022",555.12,554.59,557.74,552.5,475K,-0.13%
"Jul 06, 2022",558.71,558.92,561.56,557.54,135K,0.64%
"Jul 07, 2022",541.55,541.9,546.33,537.53,347K,-3.12%
"Jul 08, 2022",546.49,547.16,547.17,543.45,140K,0.91%
"Jul 11, 2022",547.24,547.43,551.74,542.19,193K,0.14%
"Jul 12, 2022",552.09,552.65,554.86,550.04,114K,0.88%
"Jul 13, 2022",538.37,537.65,541.15,535.13,397K,-2.52%
"Jul 14, 2022",528.31,527.51,530.39,525.55,461K,-1.89%
"Jul 15, 2022",513.16,512.5,516.47,508.62,63K,-2.91%
"Jul 18, 2022",514.82,515.54,518.47,514.3,416K,0.32%
"Jul 19, 2022",512.45,512.56,513.7,510.88,158K,-0.46%
"Jul 20, 2022",511.73,511.64,514.85,508.46,269K,-0.14%
"Jul 21, 2022",500.91,501.43,503.5,498.47,386K,-2.14%
"Jul 22, 2022",491.75,491.01,495.7,489.57,278K,-1.85%
"Jul 25, 2022",472.92,471.98,475.71,472.28,154K,-3.9%
"Jul 26, 2022",463.26,462.91,465.52,461.83,457K,-2.06%
"Jul 27, 2022",458.88,458.42,461.53,455.74,317K,-0.95%
"Jul 28, 2022",454.92,454.57,457.38,454.37,469K,-0.87%
"Jul 29, 2022",454.84,455.7,459.12,451.52,430K,-0.02%
"Aug 01, 2022",460.83,460.95,462.58,458.61,444K,1.31%
"Aug 02, 2022",456.19,456.35,456.8,454.5,212K,-1.01%
"Aug 03, 2022",460.18,460.47,463.38,456.7,494K,0.87%
"Aug 04, 2022",466.37,466.18,469.37,465.72,433K,1.34%
"Aug 05, 2022",475.46,476.37,479.83,471.63,201K,1.93%
"Aug 08, 2022",479.63,480.54,480.61,476.74,453K,0.87%
"Aug 09, 2022",480.62,481.14,483.36,476.6,389K,0.21%
"Aug 10, 2022",472.81,472.27,473.93,471.81,376K,-1.64%
"Aug 11, 2022",475.31,476.03,477.73,471.5,52K,0.53%
"Aug 12, 2022",472.88,472.13,476.76,468.3,60K,-0.51%
"Aug 15, 2022",483.85,484.1,488.06,479.18,362K,2.29%
"Aug 16, 2022",484.99,484.91,489.11,481.95,175K,0.24%
"Aug 17, 2022",484.19,483.29,487.05,481.62,76K,-0.17%
"Aug 18, 2022",495.73,496.53,499.05,490.95,178K,2.36%
"Aug 19, 2022",492.36,493.27,495.29,487.84,427K,-0.68%
"Aug 22, 2022",492.78,493.58,495.76,488.28,261K,0.08%
"Aug 23, 2022",509.33,508.71,513.9,507.3,327K,3.31%
"Aug 24, 2022",511.97,511.63,513.44,508.23,410K,0.52%
"Aug 25, 2022",521.74,522.69,524.32,519.16,195K,1.89%
"Aug 26, 2022",534.92,534.08,538.4,529.93,55K,2.5%
"Aug 29, 2022",530.7,530.88,534.89,529.65,195K,-0.79%
"Aug 30, 2022",538.96,538.93,543.19,535.04,480K,1.54%
"Aug 31, 2022",536.58,535.83,537.68,534.97,267K,-0.44%
"Sep 01, 2022",554.88,555.74,556.54,553.46,306K,3.35%
"Sep 02, 2022",568.36,567.53,573.59,567.73,392K,2.4%
"Sep 05, 2022",575.67,575.89,578.1,573.76,101K,1.28%
"Sep 06, 2022",585.9,585.48,586.5,582.38,380K,1.76%
"Sep 07, 2022",579.94,579.75,581.56,574.94,183K,-1.02%
"Sep 08, 2022",596.64,595.95,602.44,590.93,224K,2.84%
"Sep 09, 2022",588.59,588.89,590.82,587.4,171K,-1.36%
"Sep 12, 2022",592.97,594.13,596.84,589.43,119K,0.74%
"Sep 13, 2022",586.77,587.55,591.19,584.86,212K,-1.05%
"Sep 14, 2022",595.43,595.87,599.5,592.14,92K,1.47%
"Sep 15, 2022",612.85,613.47,615.54,611.57,430K,2.88%
"Sep 16, 2022",617.85,618.68,620.86,615.84,187K,0.81%
"Sep 19, 2022",621.53,621.46,626.84,615.79,344K,0.59%
"Sep 20, 2022",620.96,621.12,625.28,618.95,183K,-0.09%
"Sep 21, 2022",622.52,623.5,623.27,617.79,144K,0.25%
"Sep 22, 2022",619.74,620.22,621.49,617.85,371K,-0.45%
"Sep 23, 2022",636.72,635.79,639.0,635.79,330K,2.7%
"Sep 26, 2022",645.44,646.16,648.21,644.39,148K,1.36%
"Sep 27, 2022",642.44,641.21,646.42,636.74,325K,-0.47%
"Sep 28, 2022",643.64,644.54,646.41,637.52,52K,0.19%
"Sep 29, 2022",674.99,675.77,680.68,672.96,129K,4.76%
"Sep 30, 2022",678.54,679.44,682.12,676.1,377K,0.53%
"Oct 03, 2022",695.13,693.8,698.97,689.28,234K,2.41%
"Oct 04, 2022",689.37,690.67,692.71,686.72,141K,-0.83%
"Oct 05, 2022",695.24,695.55,697.87,688.38,277K,0.85%
"Oct 06, 2022",688.94,689.77,694.13,685.97,259K,-0.91%
"Oct 07, 2022",683.68,683.86,685.78,681.97,335K,-0.77%
"Oct 10, 2022",693.04,692.6,698.04,690.12,82K,1.36%
"Oct 11, 2022",683.8,683.24,687.74,677.36,418K,-1.34%
"Oct 12, 2022",671.48,670.33,672.77,670.76,76K,-1.82%
"Oct 13, 2022",679.5,679.61,680.29,674.88,254K,1.19%
"Oct 14, 2022",674.82,673.86,676.52,670.38,369K,-0.69%
"Oct 17, 2022",672.41,672.59,677.68,666.2,205K,-0.36%
"Oct 18, 2022",653.89,654.22,656.81,648.34,459K,-2.79%
"Oct 19, 2022",641.33,641.18,646.61,636.48,389K,-1.94%
"Oct 20, 2022",644.17,643.29,647.73,642.37,241K,0.44%
"Oct 21, 2022",642.35,642.18,643.18,639.92,132K,-0.28%
"Oct 24, 2022",652.35,653.34,657.97,649.25,69K,1.54%
"Oct 25, 2022",643.6,643.5,649.67,642.17,410K,-1.35%
"Oct 26, 2022",642.47,642.07,643.54,641.82,137K,-0.18%
"Oct 27, 2022",643.53,643.86,645.38,639.32,171K,0.16%
"Oct 28, 2022",642.01,642.31,646.79,637.85,54K,-0.24%
"Oct 31, 2022",648.76,647.7,655.23,646.57,58K,1.05%
"Nov 01, 2022",638.16,637.49,643.83,635.48,153K,-1.65%
"Nov 02, 2022",643.99,643.98,645.21,637.63,442K,0.91%
"Nov 03, 2022",656.43,656.08,660.67,653.74,401K,1.91%
"Nov 04, 2022",648.42,647.95,652.95,646.14,396K,-1.23%
"Nov 07, 2022",653.18,653.04,657.54,652.44,422K,0.73%
"Nov 08, 2022",657.52,656.96,661.53,654.41,133K,0.66%
"Nov 09, 2022",664.34,663.93,666.75,661.79,490K,1.03%
"Nov 10, 2022",664.95,665.68,669.62,663.02,154K,0.09%
"Nov 11, 2022",680.83,680.85,685.97,674.6,117K,2.36%
"Nov 14, 2022",704.84,705.89,709.2,702.45,182K,3.47%
"Nov 15, 2022",712.57,713.84,716.47,708.95,288K,1.09%
"Nov 16, 2022",716.8,718.01,718.93,710.28,105K,0.59%
"Nov 17, 2022",717.6,716.89,721.84,714.75,382K,0.11%
"Nov 18, 2022",703.31,703.23,704.83,697.76,217K,-2.01%
"Nov 21, 2022",688.05,688.15,689.19,684.5,305K,-2.19%
"Nov 22, 2022",676.07,677.02,681.48,671.02,380K,-1.76%
"Nov 23, 2022",679.56,679.72,684.38,673.41,455K,0.52%
"Nov 24, 2022",678.08,677.41,682.72,672.83,418K,-0.22%
"Nov 25, 2022",695.48,695.61,701.98,691.27,291K,2.53%
"Nov 28, 2022",668.75,667.53,671.71,665.04,496K,-3.92%
"Nov 29, 2022",669.79,670.69,672.87,663.99,288K,0.16%
"Nov 30, 2022",675.06,675.24,678.25,670.26,291K,0.78%
"Dec 01, 2022",685.44,685.86,689.0,683.89,121K,1.53%
"Dec 02, 2022",687.63,686.81,691.5,686.39,116K,0.32%
"Dec 05, 2022",692.28,692.44,697.82,688.69,125K,0.67%
"Dec 06, 2022",694.86,694.95,696.92,690.98,316K,0.37%
"Dec 07, 2022",700.4,700.73,703.83,697.06,236K,0.79%
"Dec 08, 2022",700.81,701.78,704.7,695.16,223K,0.06%
"Dec 09, 2022",725.6,726.37,727.43,724.83,107K,3.48%
"Dec 12, 2022",733.0,733.13,738.36,730.58,221K,1.01%
"Dec 13, 2022",735.98,737.14,737.09,730.2,220K,0.41%
"Dec 14, 2022",727.99,727.58,732.56,722.5,329K,-1.09%
"Dec 15, 2022",724.67,724.65,726.71,721.65,224K,-0.46%
"Dec 16, 2022",743.06,743.5,743.86,737.79,238K,2.51%
"Dec 19, 2022",714.74,714.57,717.48,709.88,172K,-3.89%
"Dec 20, 2022",716.03,715.64,719.51,713.9,109K,0.18%
"Dec 21, 2022",716.39,715.28,722.38,710.95,185K,0.05%
"Dec 22, 2022",722.8,723.19,726.17,720.16,69K,0.89%
"Dec 23, 2022",726.52,725.63,733.24,725.37,141K,0.51%
"Dec 26, 2022",745.03,743.95,751.42,738.41,196K,2.52%
"Dec 27, 2022",746.87,745.92,748.92,740.37,115K,0.25%
"Dec 28, 2022",746.78,747.34,748.57,745.65,349K,-0.01%
"Dec 29, 2022",758.92,757.82,761.35,752.72,176K,1.61%
"Dec 30, 2022",778.46,779.95,781.76,770.83,326K,2.54%
"Jan 02, 2023",787.78,788.59,792.7,786.06,339K,1.19%
"Jan 03, 2023",801.35,801.01,803.05,795.37,251K,1.71%
"Jan 04, 2023",799.29,799.58,803.91,793.44,252K,-0.26%
"Jan 05, 2023",801.61,800.03,806.6,795.23,311K,0.29%
"Jan 06, 2023",821.64,822.77,827.34,820.21,168K,2.47%
"Jan 09, 2023",829.34,828.58,834.27,826.82,59K,0.93%
"Jan 10, 2023",826.87,825.46,833.84,823.05,340K,-0.3%
"Jan 11, 2023",828.05,828.9,833.66,823.15,323K,0.14%
"Jan 12, 2023",842.66,842.09,850.52,835.33,264K,1.75%
"Jan 13, 2023",858.76,858.99,865.03,857.33,444K,1.89%
"Jan 16, 2023",848.03,849.19,852.2,845.27,278K,-1.26%
"Jan 17, 2023",853.73,854.67,856.19,847.34,186K,0.67%
"Jan 18, 2023",854.39,853.83,855.33,853.13,371K,0.08%
"Jan 19, 2023",854.26,855.52,855.81,852.91,483K,-0.01%
"Jan 20, 2023",873.43,873.04,875.79,869.88,381K,2.22%
"Jan 23, 2023",870.9,870.9,873.47,869.91,458K,-0.29%
"Jan 24, 2023",863.69,864.08,870.32,856.51,100K,-0.83%
"Jan 25, 2023",853.27,851.81,857.09,850.35,104K,-1.21%
"Jan 26, 2023",851.66,851.99,855.0,844.31,119K,-0.19%
"Jan 27, 2023",842.45,842.71,843.69,839.27,366K,-1.09%
"Jan 30, 2023",831.63,832.87,836.49,830.19,225K,-1.29%
"Jan 31, 2023",820.61,820.13,825.95,816.36,264K,-1.33%
"Feb 01, 2023",810.5,809.67,817.72,807.96,167K,-1.24%
"Feb 02, 2023",801.42,801.34,805.84,794.43,381K,-1.13%
"Feb 03, 2023",807.28,807.88,808.14,803.8,430K,0.73%
"Feb 06, 2023",783.06,783.25,784.3,775.67,122K,-3.05%
"Feb 07, 2023",775.01,773.89,777.68,767.52,136K,-1.03%
"Feb 08, 2023",774.47,774.0,776.21,771.14,202K,-0.07%
"Feb 09, 2023",789.54,788.16,795.81,785.72,176K,1.93%
"Feb 10, 2023",787.15,787.9,788.7,781.61,289K,-0.3%
"Feb 13, 2023",785.93,787.13,787.85,781.7,388K,-0.16%
"Feb 14, 2023",785.53,784.1,791.03,782.51,406K,-0.05%
"Feb 15, 2023",763.63,763.7,766.04,760.42,143K,-2.83%
"Feb 16, 2023",772.42,772.62,779.93,765.21,129K,1.14%
"Feb 17, 2023",780.79,780.6,787.63,777.75,213K,1.08%
"Feb 20, 2023",791.74,791.75,797.84,788.52,116K,1.39%
"Feb 21, 2023",824.87,825.57,828.25,821.6,91K,4.1%
"Feb 22, 2023",808.64,808.59,809.86,806.72,159K,-1.99%
"Feb 23, 2023",790.33,791.65,793.51,786.52,227K,-2.29%
"Feb 24, 2023",800.02,800.15,803.53,798.77,314K,1.22%
"Feb 27, 2023",796.43,795.07,798.14,795.49,375K,-0.45%
"Feb 28, 2023",784.67,786.1,786.31,782.14,150K,-1.49%
"Mar 01, 2023",781.84,780.73,787.32,776.54,418K,-0.36%
"Mar 02, 2023",774.84,775.72,777.23,768.09,65K,-0.9%
"Mar 03, 2023",797.24,797.32,802.9,795.15,249K,2.85%
"Mar 06, 2023",827.36,828.16,832.27,820.18,334K,3.71%
"Mar 07, 2023",806.72,806.76,814.07,799.71,181K,-2.53%
"Mar 08, 2023",788.59,787.2,795.04,787.23,357K,-2.27%
"Mar 09, 2023",779.77,779.38,781.61,775.9,440K,-1.12%
"Mar 10, 2023",771.91,772.28,776.92,766.23,90K,-1.01%
"Mar 13, 2023",763.08,763.47,768.33,762.06,280K,-1.15%
"Mar 14, 2023",761.39,762.84,768.06,758.63,58K,-0.22%
"Mar 15, 2023",756.65,756.97,761.77,752.73,175K,-0.62%
"Mar 16, 2023",741.11,740.47,742.79,735.89,111K,-2.08%
"Mar 17, 2023",729.69,728.35,732.11,726.83,330K,-1.55%
"Mar 20, 2023",748.64,749.5,753.68,746.08,161K,2.56%
"Mar 21, 2023",745.04,746.2,751.9,742.36,177K,-0.48%
"Mar 22, 2023",740.85,741.19,747.54,734.75,142K,-0.56%
"Mar 23, 2023",723.7,723.65,726.76,721.0,159K,-2.34%
"Mar 24, 2023",719.0,720.04,725.09,715.57,151K,-0.65%
"Mar 27, 2023",730.8,730.04,734.89,729.08,364K,1.63%
"Mar 28, 2023",738.46,738.16,742.28,735.23,480K,1.04%
"Mar 29, 2023",748.78,748.8,751.89,742.28,270K,1.39%
"Mar 30, 2023",735.16,733.83,740.38,729.91,320K,-1.84%
"Mar 31, 2023",721.6,722.14,726.22,719.21,418K,-1.86%
"Apr 03, 2023",735.47,734.55,738.68,733.01,264K,1.9%
"Apr 04, 2023",745.93,745.43,751.79,739.96,185K,1.41%
"Apr 05, 2023",743.52,743.26,746.8,738.45,477K,-0.32%
"Apr 06, 2023",754.41,754.83,759.13,746.97,457K,1.45%
"Apr 07, 2023",740.7,739.41,744.05,735.5,149K,-1.83%
"Apr 10, 2023",726.75,726.29,728.24,719.65,366K,-1.9%
"Apr 11, 2023",708.82,708.18,710.56,707.3,341K,-2.5%
"Apr 12, 2023",713.57,712.15,718.5,710.72,342K,0.67%
"Apr 13, 2023",716.7,717.25,722.65,715.78,423K,0.44%
"Apr 14, 2023",711.37,710.62,715.08,709.97,353K,-0.75%
"Apr 17, 2023",703.18,702.24,705.94,699.96,283K,-1.16%
"Apr 18, 2023",731.53,732.4,734.48,727.53,430K,3.95%
"Apr 19, 2023",729.16,727.82,733.81,727.67,169K,-0.32%
"Apr 20, 2023",746.21,747.4,750.09,740.75,355K,2.31%
"Apr 21, 2023",745.13,745.69,745.88,739.18,365K,-0.14%
"Apr 24, 2023",739.85,738.88,745.73,735.18,441K,-0.71%
"Apr 25, 2023",757.49,757.04,759.22,750.28,499K,2.36%
"Apr 26, 2023",767.82,769.2,773.25,762.23,300K,1.35%
"Apr 27, 2023",768.21,768.58,771.36,761.11,267K,0.05%
"Apr 28, 2023",782.98,783.32,787.84,775.52,320K,1.9%
"May 01, 2023",815.93,816.43,823.03,811.82,346K,4.12%
"May 02, 2023",807.16,807.04,809.08,804.23,370K,-1.08%
"May 03, 2023",814.0,812.92,820.51,809.79,176K,0.84%
"May 04, 2023",809.42,808.29,810.51,801.84,269K,-0.56%
"May 05, 2023",798.12,798.72,805.54,792.98,216K,-1.41%
"May 08, 2023",786.64,787.85,788.85,779.56,67K,-1.45%
"May 09, 2023",807.66,807.02,814.25,804.31,324K,2.64%
"May 10, 2023",785.13,785.14,786.39,783.12,443K,-2.83%
"May 11, 2023",792.25,793.81,795.37,785.16,464K,0.9%
"May 12, 2023",782.56,781.8,787.8,775.21,282K,-1.23%
"May 15, 2023",805.8,805.44,811.38,800.68,394K,2.93%
"May 16, 2023",803.01,802.57,808.86,797.17,370K,-0.35%
"May 17, 2023",799.06,797.57,802.38,792.95,153K,-0.49%
"May 18, 2023",820.12,820.15,825.85,813.48,78K,2.6%
"May 19, 2023",832.45,831.48,836.5,826.5,386K,1.49%
"May 22, 2023",840.63,839.38,845.75,839.52,177K,0.98%
"May 23, 2023",852.3,853.02,857.35,850.36,297K,1.38%
"May 24, 2023",838.41,839.3,840.52,834.56,285K,-1.64%
"May 25, 2023",849.18,850.5,856.5,846.81,418K,1.28%
"May 26, 2023",847.24,848.72,854.7,838.88,340K,-0.23%
"May 29, 2023",852.92,854.18,855.34,845.24,431K,0.67%
"May 30, 2023",860.33,859.03,864.42,853.99,388K,0.87%
"May 31, 2023",845.94,845.0,850.33,842.38,499K,-1.69%
"Jun 01, 2023",854.78,853.49,859.86,853.03,438K,1.04%
"Jun 02, 2023",853.01,852.51,854.03,846.25,144K,-0.21%
"Jun 05, 2023",837.0,835.75,843.56,829.68,482K,-1.89%
"Jun 06, 2023",835.8,836.31,843.12,833.82,203K,-0.14%
"Jun 07, 2023",836.82,837.54,838.72,831.53,323K,0.12%
"Jun 08, 2023",845.56,844.41,853.23,842.43,473K,1.04%
"Jun 09, 2023",814.59,814.99,821.65,810.47,146K,-3.73%
"Jun 12, 2023",820.41,818.84,825.23,813.5,435K,0.71%
"Jun 13, 2023",814.45,814.23,817.28,811.44,478K,-0.73%
"Jun 14, 2023",825.81,825.1,828.18,820.68,434K,1.39%
"Jun 15, 2023",826.53,828.18,831.0,820.41,418K,0.09%
"Jun 16, 2023",822.88,824.27,827.45,821.33,169K,-0.44%
"Jun 19, 2023",821.28,820.12,826.92,813.11,233K,-0.19%
"Jun 20, 2023",826.42,827.8,833.21,821.16,392K,0.62%
"Jun 21, 2023",839.26,838.99,847.16,833.14,103K,1.54%
"Jun 22, 2023",828.13,828.38,834.89,820.25,449K,-1.34%
"Jun 23, 2023",824.33,824.44,831.9,816.68,144K,-0.46%
"Jun 26, 2023",844.7,845.46,849.34,837.56,304K,2.44%
"Jun 27, 2023",840.59,840.03,841.72,836.0,97K,-0.49%
"Jun 28, 2023",846.3,844.85,847.54,839.99,133K,0.68%
"Jun 29, 2023",830.5,830.23,833.34,828.46,313K,-1.88%
"Jun 30, 2023",808.76,808.9,814.03,802.42,335K,-2.65%
"Jul 03, 2023",796.12,796.3,799.32,793.32,171K,-1.57%
"Jul 04, 2023",788.09,789.02,790.06,781.7,103K,-1.01%
"Jul 05, 2023",802.04,800.57,808.98,794.32,297K,1.75%
"Jul 06, 2023",817.66,819.26,825.73,811.43,428K,1.93%
"Jul 07, 2023",793.57,795.13,794.48,791.62,140K,-2.99%
"Jul 10, 2023",787.44,786.17,788.86,780.14,361K,-0.78%
"Jul 11, 2023",796.99,796.5,801.37,791.49,223K,1.21%
"Jul 12, 2023",796.37,796.66,799.58,788.46,474K,-0.08%
"Jul 13, 2023",816.51,816.09,823.07,812.97,87K,2.5%
"Jul 14, 2023",826.1,826.05,831.79,824.84,67K,1.17%
"Jul 17, 2023",823.31,822.73,824.64,817.92,105K,-0.34%
"Jul 18, 2023",821.69,822.39,826.55,817.74,402K,-0.2%
"Jul 19, 2023",821.69,821.24,825.0,816.81,465K,-0.0%
"Jul 20, 2023",811.37,811.14,819.23,810.36,420K,-1.26%
"Jul 21, 2023",824.4,824.65,828.75,821.61,373K,1.59%
"Jul 24, 2023",835.0,836.57,842.81,826.98,75K,1.28%
"Jul 25, 2023",841.85,842.33,842.92,834.25,146K,0.82%
"Jul 26, 2023",845.88,844.52,847.51,841.01,470K,0.48%
"Jul 27, 2023",832.96,832.36,836.69,829.37,330K,-1.54%
"Jul 28, 2023",840.47,840.2,848.02,834.26,260K,0.9%
"Jul 31, 2023",842.96,843.77,847.94,839.65,343K,0.3%
"Aug 01, 2023",871.19,871.0,878.52,867.0,130K,3.29%
"Aug 02, 2023",854.11,854.66,857.15,848.92,451K,-1.98%
"Aug 03, 2023",845.05,846.19,846.74,841.03,345K,-1.07%
"Aug 04, 2023",824.61,823.3,827.26,823.16,262K,-2.45%
"Aug 07, 2023",822.47,823.35,828.07,816.05,255K,-0.26%
"Aug 08, 2023",800.6,801.39,807.68,798.3,420K,-2.7%
"Aug 09, 2023",816.67,817.71,820.83,808.59,188K,1.99%
"Aug 10, 2023",831.81,833.33,834.09,824.13,111K,1.84%
"Aug 11, 2023",830.44,829.81,836.03,829.23,133K,-0.17%
"Aug 14, 2023",817.81,817.58,820.08,814.77,86K,-1.53%
"Aug 15, 2023",798.83,798.07,803.73,795.39,278K,-2.35%
"Aug 16, 2023",790.6,790.05,792.11,785.07,354K,-1.04%
"Aug 17, 2023",799.26,798.72,805.9,792.6,470K,1.09%
"Aug 18, 2023",789.97,791.14,796.49,784.77,387K,-1.17%
"Aug 21, 2023",815.2,813.78,819.99,811.44,312K,3.14%
"Aug 22, 2023",835.63,834.64,836.75,832.05,438K,2.48%
"Aug 23, 2023",836.4,836.76,839.34,829.31,451K,0.09%
"Aug 24, 2023",830.98,831.87,832.85,826.01,370K,-0.65%
"Aug 25, 2023",824.19,824.84,828.9,820.15,75K,-0.82%
"Aug 28, 2023",846.3,844.77,847.92,845.15,181K,2.65%
"Aug 29, 2023",838.21,838.06,845.61,833.97,201K,-0.96%
"Aug 30, 2023",851.6,850.53,858.97,847.54,498K,1.58%
"Aug 31, 2023",852.67,854.33,854.72,850.01,258K,0.12%
"Sep 01, 2023",863.23,864.96,869.5,857.86,392K,1.23%
"Sep 04, 2023",852.74,851.21,858.94,847.16,416K,-1.22%
"Sep 05, 2023",848.98,849.55,852.86,845.0,343K,-0.44%
"Sep 06, 2023",849.41,850.48,851.43,846.91,58K,0.05%
"Sep 07, 2023",841.63,841.04,843.48,838.05,58K,-0.92%
"Sep 08, 2023",859.4,860.06,865.98,852.24,418K,2.09%
"Sep 11, 2023",849.72,848.66,852.25,844.26,382K,-1.13%
"Sep 12, 2023",842.67,841.41,848.09,838.13,291K,-0.83%
"Sep 13, 2023",861.96,863.43,869.54,857.4,161K,2.26%
"Sep 14, 2023",878.97,879.47,884.54,872.87,89K,1.95%
"Sep 15, 2023",902.4,903.54,911.21,897.62,123K,2.63%
"Sep 18, 2023",876.05,876.17,882.02,872.6,311K,-2.96%
"Sep 19, 2023",879.66,878.45,883.03,874.57,295K,0.41%
"Sep 20, 2023",881.72,881.29,889.37,876.49,473K,0.23%
"Sep 21, 2023",874.62,875.96,877.94,872.19,480K,-0.81%
"Sep 22, 2023",879.97,878.26,888.54,877.16,309K,0.61%
"Sep 25, 2023",876.24,875.21,880.88,870.81,428K,-0.42%
"Sep 26, 2023",879.31,878.44,887.73,878.39,415K,0.35%
"Sep 27, 2023",929.33,928.45,931.79,920.59,388K,5.53%
"Sep 28, 2023",934.9,933.4,935.93,928.29,246K,0.6%
"Sep 29, 2023",941.13,942.44,943.73,932.03,225K,0.66%
"Oct 02, 2023",954.44,953.14,956.24,952.1,168K,1.4%
"Oct 03, 2023",958.06,959.33,965.35,955.0,471K,0.38%
"Oct 04, 2023",942.22,941.68,945.41,938.6,425K,-1.67%
"Oct 05, 2023",918.55,918.39,924.76,911.14,129K,-2.54%
"Oct 06, 2023",918.95,918.81,925.4,915.61,163K,0.04%
"Oct 09, 2023",915.82,916.6,922.41,909.59,311K,-0.34%
"Oct 10, 2023",888.3,889.12,895.84,886.36,236K,-3.05%
"Oct 11, 2023",912.58,913.09,914.72,905.09,146K,2.7%
"Oct 12, 2023",914.97,915.97,916.3,907.61,406K,0.26%
"Oct 13, 2023",937.13,935.28,938.31,935.86,50K,2.39%
"Oct 16, 2023",905.07,905.08,906.82,900.23,204K,-3.48%
"Oct 17, 2023",927.27,927.36,931.36,921.72,468K,2.42%
"Oct 18, 2023",920.93,919.97,929.87,914.63,392K,-0.69%
"Oct 19, 2023",940.51,940.73,944.45,938.15,230K,2.1%
"Oct 20, 2023",944.6,944.48,949.4,938.16,467K,0.43%
"Oct 23, 2023",952.34,952.23,960.27,945.86,455K,0.82%
"Oct 24, 2023",960.15,958.68,969.05,951.61,73K,0.82%
"Oct 25, 2023",954.5,954.25,963.8,949.43,107K,-0.59%
"Oct 26, 2023",945.53,946.54,953.51,943.93,224K,-0.94%
"Oct 27, 2023",940.93,940.59,946.12,939.63,468K,-0.49%
"Oct 30, 2023",919.85,919.81,922.67,918.9,429K,-2.27%
"Oct 31, 2023",913.63,915.34,919.46,908.38,71K,-0.68%
"Nov 01, 2023",904.31,905.66,906.82,901.58,280K,-1.02%
"Nov 02, 2023",883.72,885.23,885.05,879.28,374K,-2.3%
"Nov 03, 2023",891.03,889.52,899.29,886.51,174K,0.82%
"Nov 06, 2023",891.94,892.37,896.73,889.5,375K,0.1%
"Nov 07, 2023",896.27,895.28,901.26,894.04,216K,0.48%
"Nov 08, 2023",907.14,906.79,913.02,898.23,173K,1.21%
"Nov 09, 2023",904.51,905.16,909.09,903.14,226K,-0.29%
"Nov 10, 2023",891.83,892.11,896.29,889.51,477K,-1.41%
"Nov 13, 2023",896.98,897.0,905.27,893.83,457K,0.58%
"Nov 14, 2023",856.78,857.86,863.93,854.78,461K,-4.59%
"Nov 15, 2023",856.07,856.69,858.56,851.65,462K,-0.08%
"Nov 16, 2023",867.39,868.51,870.54,864.76,130K,1.31%
"Nov 17, 2023",882.84,884.37,888.97,878.77,453K,1.77%
"Nov 20, 2023",876.18,876.92,881.56,871.7,145K,-0.76%
"Nov 21, 2023",846.08,845.72,852.76,839.23,427K,-3.5%
"Nov 22, 2023",811.9,810.97,818.03,809.97,293K,-4.12%
"Nov 23, 2023",820.97,820.22,827.03,819.29,157K,1.11%
"Nov 24, 2023",817.07,816.73,824.36,816.04,229K,-0.48%
"Nov 27, 2023",844.63,845.44,851.3,837.1,245K,3.32%
"Nov 28, 2023",826.52,825.0,829.15,820.42,379K,-2.17%
"Nov 29, 2023",831.81,832.85,839.17,828.62,322K,0.64%
"Nov 30, 2023",855.0,855.88,858.43,853.03,417K,2.75%
"Dec 01, 2023",858.6,858.6,866.5,855.82,228K,0.42%
"Dec 04, 2023",837.76,837.42,844.81,832.82,384K,-2.46%
"Dec 05, 2023",876.55,875.19,878.01,873.51,406K,4.53%
"Dec 06, 2023",899.81,899.05,906.95,891.39,78K,2.62%
"Dec 07, 2023",897.35,895.95,902.29,893.73,219K,-0.27%
"Dec 08, 2023",910.0,911.16,918.92,900.97,448K,1.4%
"Dec 11, 2023",922.99,923.03,927.73,914.16,367K,1.42%
"Dec 12, 2023",933.36,932.42,934.86,930.39,238K,1.12%
"Dec 13, 2023",913.77,912.01,917.1,908.56,132K,-2.12%
"Dec 14, 2023",919.35,919.44,923.83,910.65,93K,0.61%
"Dec 15, 2023",941.94,942.89,947.9,936.61,153K,2.43%
"Dec 18, 2023",950.43,951.44,952.68,941.46,160K,0.9%
"Dec 19, 2023",957.35,956.26,962.74,950.76,216K,0.73%
"Dec 20, 2023",950.02,951.9,955.1,941.86,129K,-0.77%
"Dec 21, 2023",937.22,937.48,945.21,929.7,115K,-1.36%
"Dec 22, 2023",914.75,914.14,918.16,907.22,429K,-2.43%
"Dec 25, 2023",926.74,926.34,931.42,920.58,162K,1.3%
"Dec 26, 2023",924.3,922.92,928.46,915.96,302K,-0.26%
"Dec 27, 2023",905.49,905.47,911.55,900.74,139K,-2.06%
"Dec 28, 2023",920.58,921.51,928.43,914.74,271K,1.65%
"Dec 29, 2023",912.79,912.46,919.26,910.57,174K,-0.85%
"Jan 01, 2024",901.16,902.48,905.83,898.85,89K,-1.28%
"Jan 02, 2024",894.84,894.76,900.87,892.53,491K,-0.7%
"Jan 03, 2024",892.88,894.31,896.37,887.73,256K,-0.22%
"Jan 04, 2024",900.26,900.99,902.33,893.61,226K,0.82%
"Jan 05, 2024",888.54,886.96,891.98,882.98,139K,-1.31%
"Jan 08, 2024",903.83,902.27,908.35,900.39,272K,1.71%
"Jan 09, 2024",911.68,912.78,916.2,906.91,335K,0.86%
"Jan 10, 2024",905.02,904.5,911.93,901.06,187K,-0.73%
"Jan 11, 2024",903.52,902.4,912.04,900.13,266K,-0.17%
"Jan 12, 2024",898.24,899.55,902.28,896.68,156K,-0.59%
"Jan 15, 2024",900.0,901.74,901.6,898.64,287K,0.2%
"Jan 16, 2024",922.98,924.12,924.18,920.73,404K,2.52%
"Jan 17, 2024",917.44,918.26,918.39,908.8,77K,-0.6%
"Jan 18, 2024",921.05,919.21,929.75,919.96,283K,0.39%
"Jan 19, 2024",911.63,910.2,920.71,908.29,229K,-1.03%
"Jan 22, 2024",920.25,920.88,921.6,916.79,83K,0.94%
"Jan 23, 2024",925.16,924.83,929.07,916.11,473K,0.53%
"Jan 24, 2024",945.91,944.09,952.55,940.53,166K,2.22%
"Jan 25, 2024",934.28,935.18,936.72,930.21,304K,-1.24%
"Jan 26, 2024",945.51,945.21,951.52,938.43,217K,1.19%
"Jan 29, 2024",965.7,966.31,973.74,956.77,172K,2.11%
"Jan 30, 2024",959.83,959.7,968.2,954.83,287K,-0.61%
"Jan 31, 2024",958.74,956.92,965.79,953.0,360K,-0.11%
"Feb 01, 2024",962.54,963.06,964.21,953.29,403K,0.4%
"Feb 02, 2024",959.76,960.87,963.73,954.65,335K,-0.29%
"Feb 05, 2024",963.36,962.03,972.71,954.66,286K,0.37%
"Feb 06, 2024",974.67,976.19,977.34,968.65,399K,1.17%
"Feb 07, 2024",973.77,972.53,978.72,966.4,282K,-0.09%
"Feb 08, 2024",972.75,972.45,976.65,971.52,488K,-0.1%
"Feb 09, 2024",977.79,977.89,980.57,968.32,287K,0.52%
"Feb 12, 2024",972.44,971.71,976.24,967.61,192K,-0.55%
"Feb 13, 2024",967.88,967.88,970.5,959.53,250K,-0.47%
"Feb 14, 2024",954.92,955.76,963.42,948.12,270K,-1.35%
"Feb 15, 2024",955.14,955.96,957.59,947.17,177K,0.02%
"Feb 16, 2024",962.87,964.5,969.24,961.87,121K,0.81%
"Feb 19, 2024",959.6,960.99,968.69,950.28,244K,-0.34%
"Feb 20, 2024",948.65,950.49,957.73,943.78,453K,-1.15%
"Feb 21, 2024",948.04,948.4,954.11,943.75,164K,-0.06%
"Feb 22, 2024",954.94,954.56,958.22,952.03,212K,0.73%
"Feb 23, 2024",957.76,956.76,960.86,953.58,390K,0.29%
"Feb 26, 2024",993.44,992.42,1001.11,985.57,87K,3.66%
"Feb 27, 2024",983.94,982.57,993.61,979.4,421K,-0.96%
"Feb 28, 2024",982.46,983.35,984.13,981.26,374K,-0.15%
"Feb 29, 2024",995.69,996.3,1003.76,993.33,297K,1.34%
"Mar 01, 2024",985.57,984.75,987.64,979.73,144K,-1.02%
"Mar 04, 2024",1017.36,1018.96,1021.11,1011.56,91K,3.18%
"Mar 05, 2024",1018.35,1018.57,1024.56,1009.39,154K,0.1%
"Mar 06, 2024",1028.46,1026.69,1032.24,1023.45,392K,0.99%
"Mar 07, 2024",1029.7,1027.9,1036.76,1022.0,470K,0.12%
"Mar 08, 2024",1047.56,1046.07,1052.54,1038.11,382K,1.72%
"Mar 11, 2024",1030.83,1029.64,1033.89,1024.92,287K,-1.61%
"Mar 12, 2024",1058.03,1059.67,1064.15,1047.88,477K,2.6%
"Mar 13, 2024",1062.92,1064.1,1064.21,1053.44,422K,0.46%
"Mar 14, 2024",1075.14,1073.86,1083.39,1066.51,345K,1.14%
"Mar 15, 2024",1063.47,1062.4,1069.54,1062.32,67K,-1.09%
"Mar 18, 2024",1070.19,1070.78,1080.38,1067.28,179K,0.63%
"Mar 19, 2024",1054.69,1056.26,1056.72,1049.29,188K,-1.46%
"Mar 20, 2024",1075.69,1074.9,1083.85,1067.18,206K,1.97%
"Mar 21, 2024",1054.66,1054.77,1058.57,1049.04,225K,-1.97%
"Mar 22, 2024",1058.22,1059.87,1062.83,1053.82,472K,0.34%
"Mar 25, 2024",1052.61,1053.75,1056.97,1042.13,383K,-0.53%
"Mar 26, 2024",1027.54,1029.15,1031.88,1026.4,361K,-2.41%
"Mar 27, 2024",1013.19,1012.29,1018.13,1008.78,241K,-1.41%
"Mar 28, 2024",1021.43,1022.21,1022.64,1020.3,201K,0.81%
"Mar 29, 2024",1007.78,1006.23,1016.47,1001.96,103K,-1.34%
"Apr 01, 2024",997.95,998.41,1006.87,993.57,254K,-0.98%
"Apr 02, 2024",1004.83,1004.05,1006.2,998.96,142K,0.69%
"Apr 03, 2024",1020.57,1021.39,1028.72,1010.45,225K,1.55%
"Apr 04, 2024",1032.34,1030.86,1034.05,1029.92,120K,1.15%
"Apr 05, 2024",1032.5,1033.19,1041.04,1026.35,204K,0.02%
"Apr 08, 2024",1037.04,1037.9,1043.8,1031.06,69K,0.44%
"Apr 09, 2024",1039.95,1041.43,1043.85,1032.92,52K,0.28%
"Apr 10, 2024",1023.76,1024.53,1030.44,1017.51,441K,-1.57%
"Apr 11, 2024",1029.28,1029.37,1035.0,1025.71,338K,0.54%
"Apr 12, 2024",1013.12,1014.27,1019.93,1009.38,314K,-1.58%
"Apr 15, 2024",1024.05,1023.16,1029.45,1021.26,281K,1.07%
"Apr 16, 2024",1027.19,1027.92,1035.36,1025.93,377K,0.31%
"Apr 17, 2024",993.12,994.01,994.52,986.69,381K,-3.37%
"Apr 18, 2024",1009.71,1009.28,1013.85,1002.69,470K,1.66%
"Apr 19, 2024",1002.21,1004.17,1008.26,996.64,159K,-0.75%
"Apr 22, 2024",993.45,992.88,999.71,984.9,403K,-0.88%
"Apr 23, 2024",1009.67,1008.0,1012.22,1006.47,496K,1.62%
"Apr 24, 2024",1007.95,1007.15,1009.63,1003.14,63K,-0.17%
"Apr 25, 2024",1018.54,1016.91,1019.75,1010.3,218K,1.05%
"Apr 26, 2024",1008.86,1008.21,1013.62,1006.62,246K,-0.96%
"Apr 29, 2024",1022.84,1021.31,1026.9,1018.31,419K,1.38%
"Apr 30, 2024",1026.99,1026.74,1033.27,1017.04,56K,0.41%
"May 01, 2024",1034.6,1035.75,1039.82,1026.08,319K,0.74%
"May 02, 2024",1032.58,1030.79,1037.27,1030.53,451K,-0.2%
"May 03, 2024",1060.81,1061.08,1069.92,1053.84,116K,2.7%
"May 06, 2024",1094.02,1092.02,1101.23,1092.77,102K,3.08%
"May 07, 2024",1057.07,1058.7,1064.27,1051.54,499K,-3.44%
"May 08, 2024",1073.82,1075.63,1078.58,1065.09,421K,1.57%
"May 09, 2024",1056.38,1056.35,1064.82,1051.46,363K,-1.64%
"May 10, 2024",1065.99,1067.14,1068.51,1056.31,229K,0.91%
"May 13, 2024",1037.03,1037.41,1041.82,1034.19,434K,-2.75%
"May 14, 2024",1044.68,1044.01,1046.17,1040.14,465K,0.74%
"May 15, 2024",1031.72,1030.67,1033.83,1030.36,379K,-1.25%
"May 16, 2024",1025.1,1026.16,1026.88,1021.21,229K,-0.64%
"May 17, 2024",1018.95,1018.67,1024.02,1009.21,312K,-0.6%
"May 20, 2024",1007.95,1009.65,1015.29,1002.2,94K,-1.09%
"May 21, 2024",997.51,999.41,1001.31,992.3,121K,-1.04%
"May 22, 2024",992.07,990.92,993.3,990.33,402K,-0.55%
"May 23, 2024",990.52,990.76,997.81,984.47,63K,-0.16%
"May 24, 2024",996.55,996.7,999.41,991.91,72K,0.61%
"May 27, 2024",1027.59,1029.1,1035.3,1019.03,278K,3.07%
"May 28, 2024",1013.05,1013.82,1014.13,1005.15,126K,-1.43%
"May 29, 2024",1016.02,1016.46,1019.89,1010.88,182K,0.29%
"May 30, 2024",1029.58,1030.32,1036.37,1025.75,229K,1.33%
"May 31, 2024",1018.89,1018.44,1027.9,1012.69,285K,-1.04%
"Jun 03, 2024",983.63,985.44,991.29,977.63,177K,-3.52%
"Jun 04, 2024",954.9,953.21,959.72,947.55,267K,-2.96%
"Jun 05, 2024",922.4,920.66,929.28,918.97,216K,-3.46%
"Jun 06, 2024",946.26,945.94,951.78,936.84,86K,2.55%
"Jun 07, 2024",956.46,955.14,964.42,951.31,440K,1.07%
"Jun 10, 2024",968.98,969.15,976.68,959.32,176K,1.3%
"Jun 11, 2024",985.2,983.26,994.83,980.61,324K,1.66%
"Jun 12, 2024",977.05,976.89,978.95,967.55,306K,-0.83%
"Jun 13, 2024",1014.63,1013.8,1018.76,1013.07,139K,3.77%
"Jun 14, 2024",1021.01,1019.8,1023.8,1015.19,63K,0.63%
"Jun 17, 2024",1020.74,1020.52,1027.56,1016.82,435K,-0.03%
"Jun 18, 2024",1039.97,1041.44,1047.22,1037.56,273K,1.87%
"Jun 19, 2024",1052.08,1052.73,1055.06,1043.79,236K,1.16%
"Jun 20, 2024",1075.76,1074.3,1080.92,1070.23,393K,2.23%
"Jun 21, 2024",1101.01,1101.01,1108.08,1098.56,64K,2.32%
"Jun 24, 2024",1095.79,1097.68,1103.39,1090.14,394K,-0.48%
"Jun 25, 2024",1100.07,1099.8,1102.18,1092.95,234K,0.39%
"Jun 26, 2024",1085.15,1085.03,1095.24,1077.91,298K,-1.36%
"Jun 27, 2024",1058.2,1060.07,1059.58,1051.28,388K,-2.52%
"Jun 28, 2024",1073.43,1071.87,1083.9,1068.64,296K,1.43%
"Jul 01, 2024",1090.97,1092.0,1095.17,1080.51,77K,1.62%
"Jul 02, 2024",1057.87,1057.02,1061.94,1051.24,377K,-3.08%
"Jul 03, 2024",1046.74,1048.27,1051.99,1041.55,403K,-1.06%
"Jul 04, 2024",1048.62,1046.75,1056.23,1045.56,257K,0.18%
"Jul 05, 2024",1052.11,1054.18,1054.68,1046.61,247K,0.33%
"Jul 08, 2024",1088.09,1089.25,1091.67,1086.27,163K,3.36%
"Jul 09, 2024",1078.2,1077.27,1088.6,1071.72,339K,-0.91%
"Jul 10, 2024",1076.21,1077.34,1085.78,1071.75,446K,-0.18%
"Jul 11, 2024",1088.44,1090.28,1091.61,1077.73,345K,1.13%
"Jul 12, 2024",1083.33,1081.66,1090.0,1074.82,397K,-0.47%
"Jul 15, 2024",1075.58,1077.36,1078.63,1072.72,426K,-0.72%
"Jul 16, 2024",1066.49,1065.89,1072.83,1061.45,151K,-0.85%
"Jul 17, 2024",1071.43,1069.32,1076.03,1069.84,230K,0.46%
"Jul 18, 2024",1069.39,1067.73,1073.95,1065.94,246K,-0.19%
"Jul 19, 2024",1082.1,1083.77,1089.37,1075.66,301K,1.18%
"Jul 22, 2024",1089.29,1091.39,1092.85,1086.03,72K,0.66%
"Jul 23, 2024",1040.58,1042.23,1045.41,1034.56,314K,-4.57%
"Jul 24, 2024",1012.74,1012.5,1022.18,1005.62,89K,-2.71%
"Jul 25, 2024",1005.56,1007.41,1013.4,995.93,412K,-0.71%
"Jul 26, 2024",1022.37,1021.99,1026.92,1020.11,483K,1.66%
"Jul 29, 2024",1012.68,1011.11,1015.79,1006.37,180K,-0.95%
"Jul 30, 2024",1019.68,1019.03,1026.75,1015.77,277K,0.69%
"Jul 31, 2024",1030.42,1032.47,1038.94,1021.53,420K,1.05%
"Aug 01, 2024",1040.3,1040.82,1049.4,1037.66,191K,0.95%
"Aug 02, 2024",1032.16,1031.5,1038.43,1029.49,120K,-0.79%
"Aug 05, 2024",1014.28,1014.79,1020.01,1008.54,382K,-1.75%
"Aug 06, 2024",994.1,993.82,1001.54,990.18,364K,-2.01%
"Aug 07, 2024",1043.44,1041.56,1046.13,1037.9,306K,4.84%
"Aug 08, 2024",1052.02,1050.76,1061.14,1046.72,474K,0.82%
"Aug 09, 2024",1084.43,1082.35,1086.24,1082.26,479K,3.03%
"Aug 12, 2024",1071.04,1069.99,1077.92,1069.65,437K,-1.24%
"Aug 13, 2024",1093.63,1094.68,1100.53,1086.31,181K,2.09%
"Aug 14, 2024",1086.29,1084.96,1090.42,1078.67,151K,-0.67%
"Aug 15, 2024",1086.77,1086.89,1088.2,1078.87,426K,0.04%
"Aug 16, 2024",1082.77,1083.65,1090.85,1079.46,343K,-0.37%
"Aug 19, 2024",1068.61,1068.81,1069.91,1064.87,228K,-1.32%
"Aug 20, 2024",1054.88,1052.84,1057.64,1044.75,234K,-1.29%
"Aug 21, 2024",1055.17,1054.59,1061.39,1045.46,433K,0.03%
"Aug 22, 2024",1046.25,1046.0,1056.14,1041.87,123K,-0.85%
"Aug 23, 2024",1049.31,1048.65,1050.99,1041.42,474K,0.29%
"Aug 26, 2024",1036.27,1036.46,1042.71,1026.76,334K,-1.25%
"Aug 27, 2024",1049.01,1049.07,1053.17,1042.43,406K,1.22%
"Aug 28, 2024",1042.26,1040.96,1049.58,1040.07,216K,-0.65%
"Aug 29, 2024",1070.88,1071.96,1081.14,1063.7,314K,2.71%
"Aug 30, 2024",1070.98,1069.53,1074.64,1066.97,387K,0.01%
"Sep 02, 2024",1070.19,1070.01,1080.47,1068.16,245K,-0.07%
"Sep 03, 2024",1098.99,1100.12,1108.7,1089.68,269K,2.66%
"Sep 04, 2024",1091.3,1092.16,1098.35,1086.37,311K,-0.7%
"Sep 05, 2024",1085.19,1084.9,1093.68,1083.21,78K,-0.56%
"Sep 06, 2024",1074.06,1075.3,1083.49,1065.19,438K,-1.03%
"Sep 09, 2024",1078.55,1079.47,1087.42,1077.36,440K,0.42%
"Sep 10, 2024",1066.89,1066.4,1071.1,1059.73,176K,-1.09%
"Sep 11, 2024",1081.21,1082.92,1090.19,1072.51,445K,1.33%
"Sep 12, 2024",1081.37,1079.82,1085.51,1078.71,385K,0.02%
"Sep 13, 2024",1096.97,1096.35,1106.63,1090.62,267K,1.43%
"Sep 16, 2024",1110.79,1111.67,1114.46,1106.39,206K,1.25%
"Sep 17, 2024",1102.71,1104.36,1109.5,1096.55,229K,-0.73%
"Sep 18, 2024",1090.77,1089.99,1098.66,1086.18,290K,-1.09%
"Sep 19, 2024",1086.03,1086.3,1091.28,1075.51,235K,-0.44%
"Sep 20, 2024",1087.16,1085.04,1095.91,1079.72,239K,0.1%
"Sep 23, 2024",1093.97,1093.41,1104.18,1089.5,141K,0.62%
"Sep 24, 2024",1102.78,1102.04,1105.73,1095.24,368K,0.8%
"Sep 25, 2024",1103.21,1104.72,1104.65,1099.88,324K,0.04%
"Sep 26, 2024",1092.24,1090.37,1099.49,1090.76,496K,-1.0%
"Sep 27, 2024",1083.01,1081.11,1089.96,1072.54,113K,-0.85%
"Sep 30, 2024",1093.01,1092.76,1097.46,1090.49,101K,0.92%
"Oct 01, 2024",1082.67,1082.27,1091.41,1073.49,282K,-0.95%
"Oct 02, 2024",1093.4,1091.92,1102.63,1091.5,118K,0.99%
"Oct 03, 2024",1104.82,1103.77,1109.23,1103.19,324K,1.04%
"Oct 04, 2024",1133.29,1135.44,1141.38,1127.76,138K,2.54%
"Oct 07, 2024",1125.62,1125.68,1133.25,1119.21,267K,-0.68%
"Oct 08, 2024",1120.78,1118.94,1125.36,1117.23,325K,-0.43%
"Oct 09, 2024",1081.04,1079.1,1091.55,1079.16,256K,-3.61%
"Oct 10, 2024",1065.81,1063.86,1070.2,1057.38,193K,-1.42%
"Oct 11, 2024",1050.58,1050.11,1057.49,1043.69,402K,-1.44%
"Oct 14, 2024",1060.06,1061.61,1064.75,1053.45,434K,0.9%
"Oct 15, 2024",1092.15,1093.6,1093.36,1089.54,175K,2.98%
"Oct 16, 2024",1103.34,1102.75,1105.35,1093.66,416K,1.02%
"Oct 17, 2024",1121.98,1123.21,1125.45,1117.05,226K,1.68%
"Oct 18, 2024",1110.28,1111.4,1119.5,1102.68,269K,-1.05%
"Oct 21, 2024",1090.18,1090.11,1095.61,1087.97,154K,-1.83%
"Oct 22, 2024",1086.95,1086.53,1093.79,1079.4,331K,-0.3%
"Oct 23, 2024",1077.12,1075.74,1087.35,1075.83,95K,-0.91%
"Oct 24, 2024",1063.34,1062.4,1065.81,1052.86,316K,-1.29%
"Oct 25, 2024",1068.02,1067.33,1077.37,1059.64,495K,0.44%
"Oct 28, 2024",1048.89,1050.2,1053.52,1042.72,389K,-1.81%
"Oct 29, 2024",1063.81,1064.03,1068.1,1055.62,452K,1.41%
"Oct 30, 2024",1057.98,1056.72,1065.0,1054.42,258K,-0.55%
"Oct 31, 2024",1058.17,1056.46,1067.79,1055.34,113K,0.02%
"Nov 01, 2024",1060.81,1060.8,1065.2,1056.87,179K,0.25%
"Nov 04, 2024",1053.87,1054.57,1062.15,1052.54,72K,-0.66%
"Nov 05, 2024",1076.4,1077.77,1077.66,1070.05,275K,2.11%
"Nov 06, 2024",1050.04,1051.29,1056.98,1048.8,342K,-2.48%
"Nov 07, 2024",1072.79,1074.18,1079.95,1063.26,241K,2.14%
"Nov 08, 2024",1067.81,1067.58,1074.22,1065.26,303K,-0.47%
"Nov 11, 2024",1084.63,1086.22,1094.87,1074.16,194K,1.56%
"Nov 12, 2024",1089.11,1088.87,1099.4,1083.43,88K,0.41%
"Nov 13, 2024",1105.02,1103.56,1109.53,1098.79,244K,1.45%
"Nov 14, 2024",1103.92,1103.47,1109.56,1101.39,296K,-0.1%
"Nov 15, 2024",1109.14,1108.43,1118.16,1105.04,492K,0.47%
"Nov 18, 2024",1129.81,1129.33,1139.52,1123.0,206K,1.85%
"Nov 19, 2024",1132.57,1133.28,1137.96,1130.37,354K,0.24%
"Nov 20, 2024",1157.97,1158.7,1162.76,1155.62,420K,2.22%
"Nov 21, 2024",1165.56,1164.28,1175.33,1154.16,200K,0.65%
"Nov 22, 2024",1153.01,1152.16,1158.08,1150.52,468K,-1.08%
"Nov 25, 2024",1147.52,1147.96,1152.85,1141.48,202K,-0.48%
"Nov 26, 2024",1164.99,1163.05,1167.58,1162.14,486K,1.51%
"Nov 27, 2024",1143.14,1144.0,1149.87,1133.57,50K,-1.89%
"Nov 28, 2024",1158.77,1157.28,1163.34,1148.76,335K,1.36%
"Nov 29, 2024",1153.05,1154.67,1160.33,1149.01,405K,-0.5%
"Dec 02, 2024",1130.52,1130.07,1136.21,1122.01,176K,-1.97%
"Dec 03, 2024",1135.29,1134.02,1144.07,1129.65,102K,0.42%
"Dec 04, 2024",1123.65,1124.41,1127.59,1119.38,60K,-1.03%
"Dec 05, 2024",1114.43,1114.67,1117.27,1109.41,83K,-0.82%
"Dec 06, 2024",1104.32,1102.87,1112.41,1100.22,294K,-0.91%
"Dec 09, 2024",1107.35,1108.8,1112.28,1102.46,427K,0.27%
"Dec 10, 2024",1101.45,1101.24,1108.14,1094.19,78K,-0.53%
"Dec 11, 2024",1109.36,1107.82,1119.86,1099.17,100K,0.72%
"Dec 12, 2024",1128.49,1129.83,1134.54,1125.89,52K,1.71%
"Dec 13, 2024",1139.34,1137.67,1142.04,1136.62,177K,0.96%
"Dec 16, 2024",1173.78,1175.98,1179.47,1162.11,464K,2.98%
"Dec 17, 2024",1214.04,1213.76,1220.48,1211.09,174K,3.37%
"Dec 18, 2024",1209.5,1210.61,1219.05,1199.05,248K,-0.37%
"Dec 19, 2024",1188.47,1188.24,1191.75,1180.15,130K,-1.75%
"Dec 20, 2024",1184.05,1182.57,1188.93,1176.62,102K,-0.37%
"Dec 23, 2024",1187.37,1188.59,1189.09,1182.75,132K,0.28%
"Dec 24, 2024",1231.52,1230.48,1240.53,1220.23,144K,3.65%
"Dec 25, 2024",1225.26,1226.15,1234.69,1222.12,108K,-0.51%
"Dec 26, 2024",1231.83,1230.63,1238.13,1229.96,406K,0.53%
"Dec 27, 2024",1219.57,1218.31,1226.7,1217.83,264K,-1.0%
"Dec 30, 2024",1213.92,1213.71,1223.32,1202.78,292K,-0.46%
"Dec 31, 2024",1191.63,1193.14,1195.7,1189.58,218K,-1.85%
"Jan 01, 2025",1165.11,1165.64,1172.64,1159.42,144K,-2.25%
"Jan 02, 2025",1191.84,1189.76,1203.37,1187.71,92K,2.27%
"Jan 03, 2025",1213.43,1214.57,1221.83,1211.46,84K,1.8%
"Jan 06, 2025",1207.36,1207.75,1209.42,1202.47,133K,-0.5%
"Jan 07, 2025",1229.19,1229.8,1233.63,1221.95,432K,1.79%
"Jan 08, 2025",1204.84,1204.13,1211.67,1198.48,147K,-2.0%
"Jan 09, 2025",1202.58,1202.85,1204.57,1197.96,209K,-0.19%
"Jan 10, 2025",1207.02,1206.41,1215.58,1205.22,307K,0.37%
"Jan 13, 2025",1232.83,1230.77,1241.33,1230.38,280K,2.12%
"Jan 14, 2025",1237.85,1239.56,1248.85,1231.9,349K,0.41%
"Jan 15, 2025",1249.81,1250.7,1256.68,1239.69,137K,0.96%
"Jan 16, 2025",1241.56,1242.41,1250.54,1233.02,285K,-0.66%
"Jan 17, 2025",1247.94,1246.41,1251.23,1239.53,395K,0.51%
"Jan 20, 2025",1274.59,1275.43,1275.9,1265.16,224K,2.11%
"Jan 21, 2025",1243.17,1241.83,1246.34,1239.09,487K,-2.5%
"Jan 22, 2025",1267.11,1268.06,1269.09,1263.97,310K,1.91%
"Jan 23, 2025",1264.0,1263.16,1270.13,1255.0,353K,-0.25%
"Jan 24, 2025",1236.99,1235.3,1243.44,1234.04,256K,-2.16%
"Jan 27, 2025",1232.83,1234.83,1241.21,1228.65,436K,-0.34%
"Jan 28, 2025",1259.67,1257.68,1262.53,1252.08,253K,2.15%
"Jan 29, 2025",1251.11,1252.42,1254.78,1246.47,474K,-0.68%
"Jan 30, 2025",1258.25,1256.25,1268.55,1254.38,188K,0.57%
"Jan 31, 2025",1227.29,1228.2,1234.89,1221.22,439K,-2.49%
"Feb 03, 2025",1193.04,1191.18,1194.54,1185.86,337K,-2.83%
"Feb 04, 2025",1173.71,1173.76,1183.85,1163.05,409K,-1.63%
"Feb 05, 2025",1193.96,1192.47,1201.93,1182.04,66K,1.71%
"Feb 06, 2025",1194.07,1195.82,1197.27,1192.2,174K,0.01%
"Feb 07, 2025",1216.36,1215.88,1220.33,1207.12,431K,1.85%
"Feb 10, 2025",1240.22,1237.82,1247.64,1235.22,193K,1.94%
"Feb 11, 2025",1226.37,1227.0,1233.79,1224.52,370K,-1.12%
"Feb 12, 2025",1258.64,1258.36,1269.02,1255.32,496K,2.6%
"Feb 13, 2025",1248.85,1250.65,1254.13,1237.74,129K,-0.78%
"Feb 14, 2025",1270.14,1269.8,1277.69,1266.61,237K,1.69%
"Feb 17, 2025",1290.95,1290.49,1299.01,1286.48,124K,1.63%
"Feb 18, 2025",1293.46,1293.22,1301.26,1284.36,119K,0.19%
"Feb 19, 2025",1296.0,1297.87,1298.15,1291.09,334K,0.2%
"Feb 20, 2025",1303.84,1304.29,1309.97,1300.49,136K,0.6%
"Feb 21, 2025",1307.43,1308.31,1312.72,1297.78,267K,0.27%
"Feb 24, 2025",1300.46,1301.61,1313.38,1297.63,490K,-0.53%
"Feb 25, 2025",1291.76,1294.02,1298.46,1279.76,199K,-0.67%
"Feb 26, 2025",1285.04,1286.78,1291.36,1278.29,443K,-0.52%
"Feb 27, 2025",1311.51,1313.75,1318.53,1301.15,228K,2.04%
"Feb 28, 2025",1279.75,1278.95,1291.62,1275.34,168K,-2.45%
"Mar 03, 2025",1270.76,1269.31,1279.03,1260.06,201K,-0.7%
"Mar 04, 2025",1265.29,1263.79,1270.99,1256.53,107K,-0.43%
"Mar 05, 2025",1261.82,1263.62,1273.44,1250.65,355K,-0.27%
"Mar 06, 2025",1268.97,1270.64,1280.85,1265.55,279K,0.56%
"Mar 07, 2025",1243.0,1243.75,1247.2,1232.05,326K,-2.07%
"Mar 10, 2025",1264.7,1262.49,1270.44,1260.28,186K,1.73%
"Mar 11, 2025",1283.93,1283.0,1296.38,1279.26,344K,1.51%
"Mar 12, 2025",1299.03,1300.24,1306.65,1287.7,124K,1.17%
"Mar 13, 2025",1295.89,1294.58,1302.22,1289.53,343K,-0.24%
"Mar 14, 2025",1281.82,1282.46,1285.36,1274.73,86K,-1.09%
"Mar 17, 2025",1276.32,1276.53,1282.01,1270.38,230K,-0.43%
"Mar 18, 2025",1278.71,1277.5,1287.25,1276.71,324K,0.19%
"Mar 19, 2025",1293.58,1295.82,1295.32,1281.58,434K,1.16%
"Mar 20, 2025",1293.06,1291.8,1295.32,1289.68,415K,-0.04%
"Mar 21, 2025",1301.71,1303.76,1303.07,1298.79,287K,0.67%
"Mar 24, 2025",1293.87,1294.08,1297.71,1282.4,447K,-0.6%
"Mar 25, 2025",1300.98,1298.85,1304.42,1295.65,277K,0.55%
"Mar 26, 2025",1296.97,1298.7,1308.2,1292.19,282K,-0.31%
"Mar 27, 2025",1303.71,1305.23,1307.19,1297.11,374K,0.52%
"Mar 28, 2025",1268.51,1270.19,1277.33,1261.57,445K,-2.74%
"Mar 31, 2025",1279.59,1280.3,1282.23,1270.45,321K,0.87%
"Apr 01, 2025",1291.85,1292.95,1300.05,1286.95,474K,0.95%
"Apr 02, 2025",1304.01,1306.13,1310.42,1294.32,154K,0.94%
"Apr 03, 2025",1284.72,1282.81,1290.73,1277.19,465K,-1.49%
"Apr 04, 2025",1271.35,1269.23,1282.42,1268.45,149K,-1.05%
"Apr 07, 2025",1254.93,1253.05,1258.08,1243.4,286K,-1.3%
"Apr 08, 2025",1262.71,1264.58,1270.74,1256.09,408K,0.62%
"Apr 09, 2025",1277.23,1277.55,1287.96,1270.05,410K,1.14%
"Apr 10, 2025",1264.21,1262.57,1273.6,1255.88,175K,-1.02%
"Apr 11, 2025",1292.27,1290.42,1305.0,1286.3,493K,2.19%
"Apr 14, 2025",1320.67,1320.38,1322.01,1307.65,86K,2.17%
"Apr 15, 2025",1324.78,1326.45,1336.65,1317.4,65K,0.31%
"Apr 16, 2025",1333.86,1335.49,1342.56,1326.35,428K,0.68%
"Apr 17, 2025",1299.66,1301.49,1300.99,1292.71,418K,-2.6%
"Apr 18, 2025",1289.87,1291.26,1296.56,1279.44,370K,-0.76%
"Apr 21, 2025",1265.42,1263.2,1275.43,1255.13,432K,-1.91%
"Apr 22, 2025",1248.25,1249.35,1251.55,1243.04,111K,-1.37%
"Apr 23, 2025",1259.7,1259.8,1268.66,1248.16,93K,0.91%
"Apr 24, 2025",1276.18,1277.34,1279.06,1266.93,486K,1.3%
